Name,Filter,Product,Type,Operator,Value
AZBN_ROT,AZBN_ROT,Conductor,Actions,ALL,N\A
AZBN_ROT,AZBN_ROT,Conductor,Parameters,ALL,N\A
AZBN_ROT,AZBN_ROT,Conductor,Services,Starts With,AZBN_ROT_
AZBN_ROT,AZBN_ROT,Conductor,Time Layers,ALL,N\A
AZBN_ROT,AZBN_ROT,Conductor,Time Schedules,Starts With,AZBN_ROT_
AZBN_ROT,AZBN_ROT,storm Contact,Agent Groups,Starts With,AZBN_ROT_
AZBN_ROT,AZBN_ROT,storm Contact,Agents,All,N\A
AZBN_ROT,AZBN_ROT,storm Contact,Queues,Starts With,AZBN_ROT_
AZBN_ROT,AZBN_ROT,UC,Treatments,Starts With,AZBN_ROT_
AZBN_ROT,AZBN_ROT,UC,User Groups,All,N\A
AZBN_ROT,AZBN_ROT,UC,Users,ALL,N\A
AZBN_ROT_CLAIMS,AZBN_ROT_CLAIMS,Conductor,Actions,ALL,N\A
AZBN_ROT_CLAIMS,AZBN_ROT_CLAIMS,Conductor,Parameters,ALL,N\A
AZBN_ROT_CLAIMS,AZBN_ROT_CLAIMS,Conductor,Services,Starts With,AZBN_ROT_CLAIMS_
AZBN_ROT_CLAIMS,AZBN_ROT_CLAIMS,Conductor,Time Layers,ALL,N\A
AZBN_ROT_CLAIMS,AZBN_ROT_CLAIMS,Conductor,Time Schedules,Starts With,AZBN_ROT_CLAIMS_
AZBN_ROT_CLAIMS,AZBN_ROT_CLAIMS,storm Contact,Agent Groups,Starts With,AZBN_ROT_CLAIMS_
AZBN_ROT_CLAIMS,AZBN_ROT_CLAIMS,storm Contact,Agents,All,N\A
AZBN_ROT_CLAIMS,AZBN_ROT_CLAIMS,storm Contact,Queues,Starts With,AZBN_ROT_CLAIMS_
AZBN_ROT_CLAIMS,AZBN_ROT_CLAIMS,UC,Treatments,Starts With,AZBN_ROT_CLAIMS_
AZBN_ROT_CLAIMS,AZBN_ROT_CLAIMS,UC,User Groups,All,N\A
AZBN_ROT_CLAIMS,AZBN_ROT_CLAIMS,UC,Users,ALL,N\A
AZBN_ROT_CLAIMS,AZBN_ROT_CCC_CLAIMS,Conductor,Actions,ALL,N\A
AZBN_ROT_CLAIMS,AZBN_ROT_CCC_CLAIMS,Conductor,Parameters,ALL,N\A
AZBN_ROT_CLAIMS,AZBN_ROT_CCC_CLAIMS,Conductor,Services,Starts With,AZBN_ROT_CCC_CLAIMS_
AZBN_ROT_CLAIMS,AZBN_ROT_CCC_CLAIMS,Conductor,Time Layers,ALL,N\A
AZBN_ROT_CLAIMS,AZBN_ROT_CCC_CLAIMS,Conductor,Time Schedules,Starts With,AZBN_ROT_CCC_CLAIMS_
AZBN_ROT_CLAIMS,AZBN_ROT_CCC_CLAIMS,storm Contact,Agent Groups,Starts With,AZBN_ROT_CCC_CLAIMS_
AZBN_ROT_CLAIMS,AZBN_ROT_CCC_CLAIMS,storm Contact,Agents,All,N\A
AZBN_ROT_CLAIMS,AZBN_ROT_CCC_CLAIMS,storm Contact,Queues,Starts With,AZBN_ROT_CCC_CLAIMS_
AZBN_ROT_CLAIMS,AZBN_ROT_CCC_CLAIMS,UC,Treatments,Starts With,AZBN_ROT_CCC_CLAIMS_
AZBN_ROT_CLAIMS,AZBN_ROT_CCC_CLAIMS,UC,User Groups,All,N\A
AZBN_ROT_CLAIMS,AZBN_ROT_CCC_CLAIMS,UC,Users,ALL,N\A
AZBN_ROT_SME,AZBN_ROT_SME,Conductor,Actions,ALL,N\A
AZBN_ROT_SME,AZBN_ROT_SME,Conductor,Parameters,ALL,N\A
AZBN_ROT_SME,AZBN_ROT_SME,Conductor,Services,Starts With,AZBN_ROT_SME_
AZBN_ROT_SME,AZBN_ROT_SME,Conductor,Time Layers,ALL,N\A
AZBN_ROT_SME,AZBN_ROT_SME,Conductor,Time Schedules,Starts With,AZBN_ROT_SME_
AZBN_ROT_SME,AZBN_ROT_SME,storm Contact,Agent Groups,Starts With,AZBN_ROT_SME_
AZBN_ROT_SME,AZBN_ROT_SME,storm Contact,Agents,All,N\A
AZBN_ROT_SME,AZBN_ROT_SME,storm Contact,Queues,Starts With,AZBN_ROT_SME_
AZBN_ROT_SME,AZBN_ROT_SME,UC,Treatments,Starts With,AZBN_ROT_SME_
AZBN_ROT_SME,AZBN_ROT_SME,UC,User Groups,All,N\A
AZBN_ROT_SME,AZBN_ROT_SME,UC,Users,ALL,N\A
AZBN_ROT_PNC,AZBN_ROT_PNC,Conductor,Actions,ALL,N\A
AZBN_ROT_PNC,AZBN_ROT_PNC,Conductor,Parameters,ALL,N\A
AZBN_ROT_PNC,AZBN_ROT_PNC,Conductor,Services,Starts With,AZBN_ROT_PNC_
AZBN_ROT_PNC,AZBN_ROT_PNC,Conductor,Time Layers,ALL,N\A
AZBN_ROT_PNC,AZBN_ROT_PNC,Conductor,Time Schedules,Starts With,AZBN_ROT_PNC_
AZBN_ROT_PNC,AZBN_ROT_PNC,storm Contact,Agent Groups,Starts With,AZBN_ROT_PNC_
AZBN_ROT_PNC,AZBN_ROT_PNC,storm Contact,Agents,All,N\A
AZBN_ROT_PNC,AZBN_ROT_PNC,storm Contact,Queues,Starts With,AZBN_ROT_PNC_
AZBN_ROT_PNC,AZBN_ROT_PNC,UC,Treatments,Starts With,AZBN_ROT_PNC_
AZBN_ROT_PNC,AZBN_ROT_PNC,UC,User Groups,All,N\A
AZBN_ROT_PNC,AZBN_ROT_PNC,UC,Users,ALL,N\A
AZBN_ROT_LIFE,AZBN_ROT_LIFE,Conductor,Actions,ALL,N\A
AZBN_ROT_LIFE,AZBN_ROT_LIFE,Conductor,Parameters,ALL,N\A
AZBN_ROT_LIFE,AZBN_ROT_LIFE,Conductor,Services,Starts With,AZBN_ROT_LIFE_
AZBN_ROT_LIFE,AZBN_ROT_LIFE,Conductor,Time Layers,ALL,N\A
AZBN_ROT_LIFE,AZBN_ROT_LIFE,Conductor,Time Schedules,Starts With,AZBN_ROT_LIFE_
AZBN_ROT_LIFE,AZBN_ROT_LIFE,storm Contact,Agent Groups,Starts With,AZBN_ROT_LIFE_
AZBN_ROT_LIFE,AZBN_ROT_LIFE,storm Contact,Agents,All,N\A
AZBN_ROT_LIFE,AZBN_ROT_LIFE,storm Contact,Queues,Starts With,AZBN_ROT_LIFE_
AZBN_ROT_LIFE,AZBN_ROT_LIFE,UC,Treatments,Starts With,AZBN_ROT_LIFE_
AZBN_ROT_LIFE,AZBN_ROT_LIFE,UC,User Groups,All,N\A
AZBN_ROT_LIFE,AZBN_ROT_LIFE,UC,Users,ALL,N\A
AZBN_ROT_INCASSO,AZBN_ROT_INCASSO,Conductor,Actions,ALL,N\A
AZBN_ROT_INCASSO,AZBN_ROT_INCASSO,Conductor,Parameters,ALL,N\A
AZBN_ROT_INCASSO,AZBN_ROT_INCASSO,Conductor,Services,Starts With,AZBN_ROT_INCASSO_
AZBN_ROT_INCASSO,AZBN_ROT_INCASSO,Conductor,Time Layers,ALL,N\A
AZBN_ROT_INCASSO,AZBN_ROT_INCASSO,Conductor,Time Schedules,Starts With,AZBN_ROT_INCASSO_
AZBN_ROT_INCASSO,AZBN_ROT_INCASSO,storm Contact,Agent Groups,Starts With,AZBN_ROT_INCASSO_
AZBN_ROT_INCASSO,AZBN_ROT_INCASSO,storm Contact,Agents,All,N\A
AZBN_ROT_INCASSO,AZBN_ROT_INCASSO,storm Contact,Queues,Starts With,AZBN_ROT_INCASSO_
AZBN_ROT_INCASSO,AZBN_ROT_INCASSO,UC,Treatments,Starts With,AZBN_ROT_INCASSO_
AZBN_ROT_INCASSO,AZBN_ROT_INCASSO,UC,User Groups,All,N\A
AZBN_ROT_INCASSO,AZBN_ROT_INCASSO,UC,Users,ALL,N\A
AZBN_ROT_FLEET,AZBN_ROT_FLEET,Conductor,Actions,ALL,N\A
AZBN_ROT_FLEET,AZBN_ROT_FLEET,Conductor,Parameters,ALL,N\A
AZBN_ROT_FLEET,AZBN_ROT_FLEET,Conductor,Services,Starts With,AZBN_ROT_FLEET_
AZBN_ROT_FLEET,AZBN_ROT_FLEET,Conductor,Time Layers,ALL,N\A
AZBN_ROT_FLEET,AZBN_ROT_FLEET,Conductor,Time Schedules,Starts With,AZBN_ROT_FLEET_
AZBN_ROT_FLEET,AZBN_ROT_FLEET,storm Contact,Agent Groups,Starts With,AZBN_ROT_FLEET_
AZBN_ROT_FLEET,AZBN_ROT_FLEET,storm Contact,Agents,All,N\A
AZBN_ROT_FLEET,AZBN_ROT_FLEET,storm Contact,Queues,Starts With,AZBN_ROT_FLEET_
AZBN_ROT_FLEET,AZBN_ROT_FLEET,UC,Treatments,Starts With,AZBN_ROT_FLEET_
AZBN_ROT_FLEET,AZBN_ROT_FLEET,UC,User Groups,All,N\A
AZBN_ROT_FLEET,AZBN_ROT_FLEET,UC,Users,ALL,N\A
AZBN_BRU,AZBN_BRU,Conductor,Actions,ALL,N\A
AZBN_BRU,AZBN_BRU,Conductor,Parameters,ALL,N\A
AZBN_BRU,AZBN_BRU,Conductor,Services,Starts With,AZBN_BRU_
AZBN_BRU,AZBN_BRU,Conductor,Time Layers,ALL,N\A
AZBN_BRU,AZBN_BRU,Conductor,Time Schedules,Starts With,AZBN_BRU_
AZBN_BRU,AZBN_BRU,storm Contact,Agent Groups,Starts With,AZBN_BRU_
AZBN_BRU,AZBN_BRU,storm Contact,Agents,All,N\A
AZBN_BRU,AZBN_BRU,storm Contact,Queues,Starts With,AZBN_BRU_
AZBN_BRU,AZBN_BRU,UC,Treatments,Starts With,AZBN_BRU_
AZBN_BRU,AZBN_BRU,UC,User Groups,All,N\A
AZBN_BRU,AZBN_BRU,UC,Users,ALL,N\A
AZBN_BRU_CCCBROKER,AZBN_BRU_BROKER,Conductor,Actions,ALL,N\A
AZBN_BRU_CCCBROKER,AZBN_BRU_BROKER,Conductor,Parameters,ALL,N\A
AZBN_BRU_CCCBROKER,AZBN_BRU_BROKER,Conductor,Services,Starts With,AZBN_BRU_BROKER_
AZBN_BRU_CCCBROKER,AZBN_BRU_BROKER,Conductor,Time Layers,ALL,N\A
AZBN_BRU_CCCBROKER,AZBN_BRU_BROKER,Conductor,Time Schedules,Starts With,AZBN_BRU_BROKER_
AZBN_BRU_CCCBROKER,AZBN_BRU_BROKER,storm Contact,Agent Groups,Starts With,AZBN_BRU_BROKER_
AZBN_BRU_CCCBROKER,AZBN_BRU_BROKER,storm Contact,Agents,All,N\A
AZBN_BRU_CCCBROKER,AZBN_BRU_BROKER,storm Contact,Queues,Starts With,AZBN_BRU_BROKER_
AZBN_BRU_CCCBROKER,AZBN_BRU_BROKER,UC,Treatments,Starts With,AZBN_BRU_BROKER_
AZBN_BRU_CCCBROKER,AZBN_BRU_BROKER,UC,User Groups,All,N\A
AZBN_BRU_CCCBROKER,AZBN_BRU_BROKER,UC,Users,ALL,N\A
AZBN_BRU_CCCBROKER,AZBN_BRU_CUSTOMER,Conductor,Actions,ALL,N\A
AZBN_BRU_CCCBROKER,AZBN_BRU_CUSTOMER,Conductor,Parameters,ALL,N\A
AZBN_BRU_CCCBROKER,AZBN_BRU_CUSTOMER,Conductor,Services,Starts With,AZBN_BRU_CUSTOMER_
AZBN_BRU_CCCBROKER,AZBN_BRU_CUSTOMER,Conductor,Time Layers,ALL,N\A
AZBN_BRU_CCCBROKER,AZBN_BRU_CUSTOMER,Conductor,Time Schedules,Starts With,AZBN_BRU_CUSTOMER_
AZBN_BRU_CCCBROKER,AZBN_BRU_CUSTOMER,storm Contact,Agent Groups,Starts With,AZBN_BRU_CUSTOMER_
AZBN_BRU_CCCBROKER,AZBN_BRU_CUSTOMER,storm Contact,Agents,All,N\A
AZBN_BRU_CCCBROKER,AZBN_BRU_CUSTOMER,storm Contact,Queues,Starts With,AZBN_BRU_CUSTOMER_
AZBN_BRU_CCCBROKER,AZBN_BRU_CUSTOMER,UC,Treatments,Starts With,AZBN_BRU_CUSTOMER_
AZBN_BRU_CCCBROKER,AZBN_BRU_CUSTOMER,UC,User Groups,All,N\A
AZBN_BRU_CCCBROKER,AZBN_BRU_CUSTOMER,UC,Users,ALL,N\A
AZBN_BRU_CCCBROKER,AZBN_BRU_PNC_UW_BMW-1602,Conductor,Actions,ALL,N\A
AZBN_BRU_CCCBROKER,AZBN_BRU_PNC_UW_BMW-1602,Conductor,Parameters,ALL,N\A
AZBN_BRU_CCCBROKER,AZBN_BRU_PNC_UW_BMW-1602,Conductor,Services,Starts With,AZBN_BRU_PNC_UW_BMW-1602_
AZBN_BRU_CCCBROKER,AZBN_BRU_PNC_UW_BMW-1602,Conductor,Time Layers,ALL,N\A
AZBN_BRU_CCCBROKER,AZBN_BRU_PNC_UW_BMW-1602,Conductor,Time Schedules,Starts With,AZBN_BRU_PNC_UW_BMW-1602_
AZBN_BRU_CCCBROKER,AZBN_BRU_PNC_UW_BMW-1602,storm Contact,Agent Groups,Starts With,AZBN_BRU_PNC_UW_BMW-1602_
AZBN_BRU_CCCBROKER,AZBN_BRU_PNC_UW_BMW-1602,storm Contact,Agents,All,N\A
AZBN_BRU_CCCBROKER,AZBN_BRU_PNC_UW_BMW-1602,storm Contact,Queues,Starts With,AZBN_BRU_PNC_UW_BMW-1602_
AZBN_BRU_CCCBROKER,AZBN_BRU_PNC_UW_BMW-1602,UC,Treatments,Starts With,AZBN_BRU_PNC_UW_BMW-1602_
AZBN_BRU_CCCBROKER,AZBN_BRU_PNC_UW_BMW-1602,UC,User Groups,All,N\A
AZBN_BRU_CCCBROKER,AZBN_BRU_PNC_UW_BMW-1602,UC,Users,ALL,N\A
AZBN_BRU_CCCBROKER,AZBN_BRU_PNC_UW_BMW-1603,Conductor,Actions,ALL,N\A
AZBN_BRU_CCCBROKER,AZBN_BRU_PNC_UW_BMW-1603,Conductor,Parameters,ALL,N\A
AZBN_BRU_CCCBROKER,AZBN_BRU_PNC_UW_BMW-1603,Conductor,Services,Starts With,AZBN_BRU_PNC_UW_BMW-1603_
AZBN_BRU_CCCBROKER,AZBN_BRU_PNC_UW_BMW-1603,Conductor,Time Layers,ALL,N\A
AZBN_BRU_CCCBROKER,AZBN_BRU_PNC_UW_BMW-1603,Conductor,Time Schedules,Starts With,AZBN_BRU_PNC_UW_BMW-1603_
AZBN_BRU_CCCBROKER,AZBN_BRU_PNC_UW_BMW-1603,storm Contact,Agent Groups,Starts With,AZBN_BRU_PNC_UW_BMW-1603_
AZBN_BRU_CCCBROKER,AZBN_BRU_PNC_UW_BMW-1603,storm Contact,Agents,All,N\A
AZBN_BRU_CCCBROKER,AZBN_BRU_PNC_UW_BMW-1603,storm Contact,Queues,Starts With,AZBN_BRU_PNC_UW_BMW-1603_
AZBN_BRU_CCCBROKER,AZBN_BRU_PNC_UW_BMW-1603,UC,Treatments,Starts With,AZBN_BRU_PNC_UW_BMW-1603_
AZBN_BRU_CCCBROKER,AZBN_BRU_PNC_UW_BMW-1603,UC,User Groups,All,N\A
AZBN_BRU_CCCBROKER,AZBN_BRU_PNC_UW_BMW-1603,UC,Users,ALL,N\A
AZBN_BRU_CCCBROKER,AZBN_BRU_PNC_UW_BMW-AGENT1604,Conductor,Actions,ALL,N\A
AZBN_BRU_CCCBROKER,AZBN_BRU_PNC_UW_BMW-AGENT1604,Conductor,Parameters,ALL,N\A
AZBN_BRU_CCCBROKER,AZBN_BRU_PNC_UW_BMW-AGENT1604,Conductor,Services,Starts With,AZBN_BRU_PNC_UW_BMW-AGENT1604_
AZBN_BRU_CCCBROKER,AZBN_BRU_PNC_UW_BMW-AGENT1604,Conductor,Time Layers,ALL,N\A
AZBN_BRU_CCCBROKER,AZBN_BRU_PNC_UW_BMW-AGENT1604,Conductor,Time Schedules,Starts With,AZBN_BRU_PNC_UW_BMW-AGENT1604_
AZBN_BRU_CCCBROKER,AZBN_BRU_PNC_UW_BMW-AGENT1604,storm Contact,Agent Groups,Starts With,AZBN_BRU_PNC_UW_BMW-AGENT1604_
AZBN_BRU_CCCBROKER,AZBN_BRU_PNC_UW_BMW-AGENT1604,storm Contact,Agents,All,N\A
AZBN_BRU_CCCBROKER,AZBN_BRU_PNC_UW_BMW-AGENT1604,storm Contact,Queues,Starts With,AZBN_BRU_PNC_UW_BMW-AGENT1604_
AZBN_BRU_CCCBROKER,AZBN_BRU_PNC_UW_BMW-AGENT1604,UC,Treatments,Starts With,AZBN_BRU_PNC_UW_BMW-AGENT1604_
AZBN_BRU_CCCBROKER,AZBN_BRU_PNC_UW_BMW-AGENT1604,UC,User Groups,All,N\A
AZBN_BRU_CCCBROKER,AZBN_BRU_PNC_UW_BMW-AGENT1604,UC,Users,ALL,N\A
AZBN_BRU_CCCBROKER,AZBN_BRU_PNC_UW_BMW-AGENT1605,Conductor,Actions,ALL,N\A
AZBN_BRU_CCCBROKER,AZBN_BRU_PNC_UW_BMW-AGENT1605,Conductor,Parameters,ALL,N\A
AZBN_BRU_CCCBROKER,AZBN_BRU_PNC_UW_BMW-AGENT1605,Conductor,Services,Starts With,AZBN_BRU_PNC_UW_BMW-AGENT1605_
AZBN_BRU_CCCBROKER,AZBN_BRU_PNC_UW_BMW-AGENT1605,Conductor,Time Layers,ALL,N\A
AZBN_BRU_CCCBROKER,AZBN_BRU_PNC_UW_BMW-AGENT1605,Conductor,Time Schedules,Starts With,AZBN_BRU_PNC_UW_BMW-AGENT1605_
AZBN_BRU_CCCBROKER,AZBN_BRU_PNC_UW_BMW-AGENT1605,storm Contact,Agent Groups,Starts With,AZBN_BRU_PNC_UW_BMW-AGENT1605_
AZBN_BRU_CCCBROKER,AZBN_BRU_PNC_UW_BMW-AGENT1605,storm Contact,Agents,All,N\A
AZBN_BRU_CCCBROKER,AZBN_BRU_PNC_UW_BMW-AGENT1605,storm Contact,Queues,Starts With,AZBN_BRU_PNC_UW_BMW-AGENT1605_
AZBN_BRU_CCCBROKER,AZBN_BRU_PNC_UW_BMW-AGENT1605,UC,Treatments,Starts With,AZBN_BRU_PNC_UW_BMW-AGENT1605_
AZBN_BRU_CCCBROKER,AZBN_BRU_PNC_UW_BMW-AGENT1605,UC,User Groups,All,N\A
AZBN_BRU_CCCBROKER,AZBN_BRU_PNC_UW_BMW-AGENT1605,UC,Users,ALL,N\A
AZBN_BRU_CCCBROKER,AZBN_BRU_PNC_UW_DIRECTFQCAR-1595,Conductor,Actions,ALL,N\A
AZBN_BRU_CCCBROKER,AZBN_BRU_PNC_UW_DIRECTFQCAR-1595,Conductor,Parameters,ALL,N\A
AZBN_BRU_CCCBROKER,AZBN_BRU_PNC_UW_DIRECTFQCAR-1595,Conductor,Services,Starts With,AZBN_BRU_PNC_UW_DIRECTFQCAR-1595_
AZBN_BRU_CCCBROKER,AZBN_BRU_PNC_UW_DIRECTFQCAR-1595,Conductor,Time Layers,ALL,N\A
AZBN_BRU_CCCBROKER,AZBN_BRU_PNC_UW_DIRECTFQCAR-1595,Conductor,Time Schedules,Starts With,AZBN_BRU_PNC_UW_DIRECTFQCAR-1595_
AZBN_BRU_CCCBROKER,AZBN_BRU_PNC_UW_DIRECTFQCAR-1595,storm Contact,Agent Groups,Starts With,AZBN_BRU_PNC_UW_DIRECTFQCAR-1595_
AZBN_BRU_CCCBROKER,AZBN_BRU_PNC_UW_DIRECTFQCAR-1595,storm Contact,Agents,All,N\A
AZBN_BRU_CCCBROKER,AZBN_BRU_PNC_UW_DIRECTFQCAR-1595,storm Contact,Queues,Starts With,AZBN_BRU_PNC_UW_DIRECTFQCAR-1595_
AZBN_BRU_CCCBROKER,AZBN_BRU_PNC_UW_DIRECTFQCAR-1595,UC,Treatments,Starts With,AZBN_BRU_PNC_UW_DIRECTFQCAR-1595_
AZBN_BRU_CCCBROKER,AZBN_BRU_PNC_UW_DIRECTFQCAR-1595,UC,User Groups,All,N\A
AZBN_BRU_CCCBROKER,AZBN_BRU_PNC_UW_DIRECTFQCAR-1595,UC,Users,ALL,N\A
AZBN_BRU_CCCBROKER,AZBN_BRU_PNC_UW_DIRECTFQCAR-1596,Conductor,Actions,ALL,N\A
AZBN_BRU_CCCBROKER,AZBN_BRU_PNC_UW_DIRECTFQCAR-1596,Conductor,Parameters,ALL,N\A
AZBN_BRU_CCCBROKER,AZBN_BRU_PNC_UW_DIRECTFQCAR-1596,Conductor,Services,Starts With,AZBN_BRU_PNC_UW_DIRECTFQCAR-1596_
AZBN_BRU_CCCBROKER,AZBN_BRU_PNC_UW_DIRECTFQCAR-1596,Conductor,Time Layers,ALL,N\A
AZBN_BRU_CCCBROKER,AZBN_BRU_PNC_UW_DIRECTFQCAR-1596,Conductor,Time Schedules,Starts With,AZBN_BRU_PNC_UW_DIRECTFQCAR-1596_
AZBN_BRU_CCCBROKER,AZBN_BRU_PNC_UW_DIRECTFQCAR-1596,storm Contact,Agent Groups,Starts With,AZBN_BRU_PNC_UW_DIRECTFQCAR-1596_
AZBN_BRU_CCCBROKER,AZBN_BRU_PNC_UW_DIRECTFQCAR-1596,storm Contact,Agents,All,N\A
AZBN_BRU_CCCBROKER,AZBN_BRU_PNC_UW_DIRECTFQCAR-1596,storm Contact,Queues,Starts With,AZBN_BRU_PNC_UW_DIRECTFQCAR-1596_
AZBN_BRU_CCCBROKER,AZBN_BRU_PNC_UW_DIRECTFQCAR-1596,UC,Treatments,Starts With,AZBN_BRU_PNC_UW_DIRECTFQCAR-1596_
AZBN_BRU_CCCBROKER,AZBN_BRU_PNC_UW_DIRECTFQCAR-1596,UC,User Groups,All,N\A
AZBN_BRU_CCCBROKER,AZBN_BRU_PNC_UW_DIRECTFQCAR-1596,UC,Users,ALL,N\A
AZBN_BRU_CCCBROKER,AZBN_BRU_PNC_UW_DIRECTFQCAR-1597,Conductor,Actions,ALL,N\A
AZBN_BRU_CCCBROKER,AZBN_BRU_PNC_UW_DIRECTFQCAR-1597,Conductor,Parameters,ALL,N\A
AZBN_BRU_CCCBROKER,AZBN_BRU_PNC_UW_DIRECTFQCAR-1597,Conductor,Services,Starts With,AZBN_BRU_PNC_UW_DIRECTFQCAR-1597_
AZBN_BRU_CCCBROKER,AZBN_BRU_PNC_UW_DIRECTFQCAR-1597,Conductor,Time Layers,ALL,N\A
AZBN_BRU_CCCBROKER,AZBN_BRU_PNC_UW_DIRECTFQCAR-1597,Conductor,Time Schedules,Starts With,AZBN_BRU_PNC_UW_DIRECTFQCAR-1597_
AZBN_BRU_CCCBROKER,AZBN_BRU_PNC_UW_DIRECTFQCAR-1597,storm Contact,Agent Groups,Starts With,AZBN_BRU_PNC_UW_DIRECTFQCAR-1597_
AZBN_BRU_CCCBROKER,AZBN_BRU_PNC_UW_DIRECTFQCAR-1597,storm Contact,Agents,All,N\A
AZBN_BRU_CCCBROKER,AZBN_BRU_PNC_UW_DIRECTFQCAR-1597,storm Contact,Queues,Starts With,AZBN_BRU_PNC_UW_DIRECTFQCAR-1597_
AZBN_BRU_CCCBROKER,AZBN_BRU_PNC_UW_DIRECTFQCAR-1597,UC,Treatments,Starts With,AZBN_BRU_PNC_UW_DIRECTFQCAR-1597_
AZBN_BRU_CCCBROKER,AZBN_BRU_PNC_UW_DIRECTFQCAR-1597,UC,User Groups,All,N\A
AZBN_BRU_CCCBROKER,AZBN_BRU_PNC_UW_DIRECTFQCAR-1597,UC,Users,ALL,N\A
AZBN_BRU_CCCBROKER,AZBN_BRU_PNC_UW_EMPLOYBUSINESS1267,Conductor,Actions,ALL,N\A
AZBN_BRU_CCCBROKER,AZBN_BRU_PNC_UW_EMPLOYBUSINESS1267,Conductor,Parameters,ALL,N\A
AZBN_BRU_CCCBROKER,AZBN_BRU_PNC_UW_EMPLOYBUSINESS1267,Conductor,Services,Starts With,AZBN_BRU_PNC_UW_EMPLOYBUSINESS1267_
AZBN_BRU_CCCBROKER,AZBN_BRU_PNC_UW_EMPLOYBUSINESS1267,Conductor,Time Layers,ALL,N\A
AZBN_BRU_CCCBROKER,AZBN_BRU_PNC_UW_EMPLOYBUSINESS1267,Conductor,Time Schedules,Starts With,AZBN_BRU_PNC_UW_EMPLOYBUSINESS1267_
AZBN_BRU_CCCBROKER,AZBN_BRU_PNC_UW_EMPLOYBUSINESS1267,storm Contact,Agent Groups,Starts With,AZBN_BRU_PNC_UW_EMPLOYBUSINESS1267_
AZBN_BRU_CCCBROKER,AZBN_BRU_PNC_UW_EMPLOYBUSINESS1267,storm Contact,Agents,All,N\A
AZBN_BRU_CCCBROKER,AZBN_BRU_PNC_UW_EMPLOYBUSINESS1267,storm Contact,Queues,Starts With,AZBN_BRU_PNC_UW_EMPLOYBUSINESS1267_
AZBN_BRU_CCCBROKER,AZBN_BRU_PNC_UW_EMPLOYBUSINESS1267,UC,Treatments,Starts With,AZBN_BRU_PNC_UW_EMPLOYBUSINESS1267_
AZBN_BRU_CCCBROKER,AZBN_BRU_PNC_UW_EMPLOYBUSINESS1267,UC,User Groups,All,N\A
AZBN_BRU_CCCBROKER,AZBN_BRU_PNC_UW_EMPLOYBUSINESS1267,UC,Users,ALL,N\A
AZBN_BRU_CCCBROKER,AZBN_BRU_PNC_UW_RETAIL1557,Conductor,Actions,ALL,N\A
AZBN_BRU_CCCBROKER,AZBN_BRU_PNC_UW_RETAIL1557,Conductor,Parameters,ALL,N\A
AZBN_BRU_CCCBROKER,AZBN_BRU_PNC_UW_RETAIL1557,Conductor,Services,Starts With,AZBN_BRU_PNC_UW_RETAIL1557_
AZBN_BRU_CCCBROKER,AZBN_BRU_PNC_UW_RETAIL1557,Conductor,Time Layers,ALL,N\A
AZBN_BRU_CCCBROKER,AZBN_BRU_PNC_UW_RETAIL1557,Conductor,Time Schedules,Starts With,AZBN_BRU_PNC_UW_RETAIL1557_
AZBN_BRU_CCCBROKER,AZBN_BRU_PNC_UW_RETAIL1557,storm Contact,Agent Groups,Starts With,AZBN_BRU_PNC_UW_RETAIL1557_
AZBN_BRU_CCCBROKER,AZBN_BRU_PNC_UW_RETAIL1557,storm Contact,Agents,All,N\A
AZBN_BRU_CCCBROKER,AZBN_BRU_PNC_UW_RETAIL1557,storm Contact,Queues,Starts With,AZBN_BRU_PNC_UW_RETAIL1557_
AZBN_BRU_CCCBROKER,AZBN_BRU_PNC_UW_RETAIL1557,UC,Treatments,Starts With,AZBN_BRU_PNC_UW_RETAIL1557_
AZBN_BRU_CCCBROKER,AZBN_BRU_PNC_UW_RETAIL1557,UC,User Groups,All,N\A
AZBN_BRU_CCCBROKER,AZBN_BRU_PNC_UW_RETAIL1557,UC,Users,ALL,N\A
AZBN_BRU_CCCBROKER,AZBN_BRU_PNC_UW_RETAILLIABILITY-1606,Conductor,Actions,ALL,N\A
AZBN_BRU_CCCBROKER,AZBN_BRU_PNC_UW_RETAILLIABILITY-1606,Conductor,Parameters,ALL,N\A
AZBN_BRU_CCCBROKER,AZBN_BRU_PNC_UW_RETAILLIABILITY-1606,Conductor,Services,Starts With,AZBN_BRU_PNC_UW_RETAILLIABILITY-1606_
AZBN_BRU_CCCBROKER,AZBN_BRU_PNC_UW_RETAILLIABILITY-1606,Conductor,Time Layers,ALL,N\A
AZBN_BRU_CCCBROKER,AZBN_BRU_PNC_UW_RETAILLIABILITY-1606,Conductor,Time Schedules,Starts With,AZBN_BRU_PNC_UW_RETAILLIABILITY-1606_
AZBN_BRU_CCCBROKER,AZBN_BRU_PNC_UW_RETAILLIABILITY-1606,storm Contact,Agent Groups,Starts With,AZBN_BRU_PNC_UW_RETAILLIABILITY-1606_
AZBN_BRU_CCCBROKER,AZBN_BRU_PNC_UW_RETAILLIABILITY-1606,storm Contact,Agents,All,N\A
AZBN_BRU_CCCBROKER,AZBN_BRU_PNC_UW_RETAILLIABILITY-1606,storm Contact,Queues,Starts With,AZBN_BRU_PNC_UW_RETAILLIABILITY-1606_
AZBN_BRU_CCCBROKER,AZBN_BRU_PNC_UW_RETAILLIABILITY-1606,UC,Treatments,Starts With,AZBN_BRU_PNC_UW_RETAILLIABILITY-1606_
AZBN_BRU_CCCBROKER,AZBN_BRU_PNC_UW_RETAILLIABILITY-1606,UC,User Groups,All,N\A
AZBN_BRU_CCCBROKER,AZBN_BRU_PNC_UW_RETAILLIABILITY-1606,UC,Users,ALL,N\A
AZBN_BRU_CCCBROKER,AZBN_BRU_PNC_UW_RETAIL-MOTOR1244,Conductor,Actions,ALL,N\A
AZBN_BRU_CCCBROKER,AZBN_BRU_PNC_UW_RETAIL-MOTOR1244,Conductor,Parameters,ALL,N\A
AZBN_BRU_CCCBROKER,AZBN_BRU_PNC_UW_RETAIL-MOTOR1244,Conductor,Services,Starts With,AZBN_BRU_PNC_UW_RETAIL-MOTOR1244_
AZBN_BRU_CCCBROKER,AZBN_BRU_PNC_UW_RETAIL-MOTOR1244,Conductor,Time Layers,ALL,N\A
AZBN_BRU_CCCBROKER,AZBN_BRU_PNC_UW_RETAIL-MOTOR1244,Conductor,Time Schedules,Starts With,AZBN_BRU_PNC_UW_RETAIL-MOTOR1244_
AZBN_BRU_CCCBROKER,AZBN_BRU_PNC_UW_RETAIL-MOTOR1244,storm Contact,Agent Groups,Starts With,AZBN_BRU_PNC_UW_RETAIL-MOTOR1244_
AZBN_BRU_CCCBROKER,AZBN_BRU_PNC_UW_RETAIL-MOTOR1244,storm Contact,Agents,All,N\A
AZBN_BRU_CCCBROKER,AZBN_BRU_PNC_UW_RETAIL-MOTOR1244,storm Contact,Queues,Starts With,AZBN_BRU_PNC_UW_RETAIL-MOTOR1244_
AZBN_BRU_CCCBROKER,AZBN_BRU_PNC_UW_RETAIL-MOTOR1244,UC,Treatments,Starts With,AZBN_BRU_PNC_UW_RETAIL-MOTOR1244_
AZBN_BRU_CCCBROKER,AZBN_BRU_PNC_UW_RETAIL-MOTOR1244,UC,User Groups,All,N\A
AZBN_BRU_CCCBROKER,AZBN_BRU_PNC_UW_RETAIL-MOTOR1244,UC,Users,ALL,N\A
AZBN_BRU_CCCBROKER,AZBN_BRU_PNC_UW_RETAILMOTOR-1520,Conductor,Actions,ALL,N\A
AZBN_BRU_CCCBROKER,AZBN_BRU_PNC_UW_RETAILMOTOR-1520,Conductor,Parameters,ALL,N\A
AZBN_BRU_CCCBROKER,AZBN_BRU_PNC_UW_RETAILMOTOR-1520,Conductor,Services,Starts With,AZBN_BRU_PNC_UW_RETAILMOTOR-1520_
AZBN_BRU_CCCBROKER,AZBN_BRU_PNC_UW_RETAILMOTOR-1520,Conductor,Time Layers,ALL,N\A
AZBN_BRU_CCCBROKER,AZBN_BRU_PNC_UW_RETAILMOTOR-1520,Conductor,Time Schedules,Starts With,AZBN_BRU_PNC_UW_RETAILMOTOR-1520_
AZBN_BRU_CCCBROKER,AZBN_BRU_PNC_UW_RETAILMOTOR-1520,storm Contact,Agent Groups,Starts With,AZBN_BRU_PNC_UW_RETAILMOTOR-1520_
AZBN_BRU_CCCBROKER,AZBN_BRU_PNC_UW_RETAILMOTOR-1520,storm Contact,Agents,All,N\A
AZBN_BRU_CCCBROKER,AZBN_BRU_PNC_UW_RETAILMOTOR-1520,storm Contact,Queues,Starts With,AZBN_BRU_PNC_UW_RETAILMOTOR-1520_
AZBN_BRU_CCCBROKER,AZBN_BRU_PNC_UW_RETAILMOTOR-1520,UC,Treatments,Starts With,AZBN_BRU_PNC_UW_RETAILMOTOR-1520_
AZBN_BRU_CCCBROKER,AZBN_BRU_PNC_UW_RETAILMOTOR-1520,UC,User Groups,All,N\A
AZBN_BRU_CCCBROKER,AZBN_BRU_PNC_UW_RETAILMOTOR-1520,UC,Users,ALL,N\A
AZBN_BRU_CCCBROKER,AZBN_BRU_PNC_UW_RETAIL-PROPERTY1251,Conductor,Actions,ALL,N\A
AZBN_BRU_CCCBROKER,AZBN_BRU_PNC_UW_RETAIL-PROPERTY1251,Conductor,Parameters,ALL,N\A
AZBN_BRU_CCCBROKER,AZBN_BRU_PNC_UW_RETAIL-PROPERTY1251,Conductor,Services,Starts With,AZBN_BRU_PNC_UW_RETAIL-PROPERTY1251_
AZBN_BRU_CCCBROKER,AZBN_BRU_PNC_UW_RETAIL-PROPERTY1251,Conductor,Time Layers,ALL,N\A
AZBN_BRU_CCCBROKER,AZBN_BRU_PNC_UW_RETAIL-PROPERTY1251,Conductor,Time Schedules,Starts With,AZBN_BRU_PNC_UW_RETAIL-PROPERTY1251_
AZBN_BRU_CCCBROKER,AZBN_BRU_PNC_UW_RETAIL-PROPERTY1251,storm Contact,Agent Groups,Starts With,AZBN_BRU_PNC_UW_RETAIL-PROPERTY1251_
AZBN_BRU_CCCBROKER,AZBN_BRU_PNC_UW_RETAIL-PROPERTY1251,storm Contact,Agents,All,N\A
AZBN_BRU_CCCBROKER,AZBN_BRU_PNC_UW_RETAIL-PROPERTY1251,storm Contact,Queues,Starts With,AZBN_BRU_PNC_UW_RETAIL-PROPERTY1251_
AZBN_BRU_CCCBROKER,AZBN_BRU_PNC_UW_RETAIL-PROPERTY1251,UC,Treatments,Starts With,AZBN_BRU_PNC_UW_RETAIL-PROPERTY1251_
AZBN_BRU_CCCBROKER,AZBN_BRU_PNC_UW_RETAIL-PROPERTY1251,UC,User Groups,All,N\A
AZBN_BRU_CCCBROKER,AZBN_BRU_PNC_UW_RETAIL-PROPERTY1251,UC,Users,ALL,N\A
AZBN_BRU_CCCBROKER,AZBN_BRU_PNC_UW_RETAILPROPERTY-1613,Conductor,Actions,ALL,N\A
AZBN_BRU_CCCBROKER,AZBN_BRU_PNC_UW_RETAILPROPERTY-1613,Conductor,Parameters,ALL,N\A
AZBN_BRU_CCCBROKER,AZBN_BRU_PNC_UW_RETAILPROPERTY-1613,Conductor,Services,Starts With,AZBN_BRU_PNC_UW_RETAILPROPERTY-1613_
AZBN_BRU_CCCBROKER,AZBN_BRU_PNC_UW_RETAILPROPERTY-1613,Conductor,Time Layers,ALL,N\A
AZBN_BRU_CCCBROKER,AZBN_BRU_PNC_UW_RETAILPROPERTY-1613,Conductor,Time Schedules,Starts With,AZBN_BRU_PNC_UW_RETAILPROPERTY-1613_
AZBN_BRU_CCCBROKER,AZBN_BRU_PNC_UW_RETAILPROPERTY-1613,storm Contact,Agent Groups,Starts With,AZBN_BRU_PNC_UW_RETAILPROPERTY-1613_
AZBN_BRU_CCCBROKER,AZBN_BRU_PNC_UW_RETAILPROPERTY-1613,storm Contact,Agents,All,N\A
AZBN_BRU_CCCBROKER,AZBN_BRU_PNC_UW_RETAILPROPERTY-1613,storm Contact,Queues,Starts With,AZBN_BRU_PNC_UW_RETAILPROPERTY-1613_
AZBN_BRU_CCCBROKER,AZBN_BRU_PNC_UW_RETAILPROPERTY-1613,UC,Treatments,Starts With,AZBN_BRU_PNC_UW_RETAILPROPERTY-1613_
AZBN_BRU_CCCBROKER,AZBN_BRU_PNC_UW_RETAILPROPERTY-1613,UC,User Groups,All,N\A
AZBN_BRU_CCCBROKER,AZBN_BRU_PNC_UW_RETAILPROPERTY-1613,UC,Users,ALL,N\A
AZBN_BRU_CCCBROKER,AZBN_BRU_PNC_UW_RETAILPRTF1583,Conductor,Actions,ALL,N\A
AZBN_BRU_CCCBROKER,AZBN_BRU_PNC_UW_RETAILPRTF1583,Conductor,Parameters,ALL,N\A
AZBN_BRU_CCCBROKER,AZBN_BRU_PNC_UW_RETAILPRTF1583,Conductor,Services,Starts With,AZBN_BRU_PNC_UW_RETAILPRTF1583_
AZBN_BRU_CCCBROKER,AZBN_BRU_PNC_UW_RETAILPRTF1583,Conductor,Time Layers,ALL,N\A
AZBN_BRU_CCCBROKER,AZBN_BRU_PNC_UW_RETAILPRTF1583,Conductor,Time Schedules,Starts With,AZBN_BRU_PNC_UW_RETAILPRTF1583_
AZBN_BRU_CCCBROKER,AZBN_BRU_PNC_UW_RETAILPRTF1583,storm Contact,Agent Groups,Starts With,AZBN_BRU_PNC_UW_RETAILPRTF1583_
AZBN_BRU_CCCBROKER,AZBN_BRU_PNC_UW_RETAILPRTF1583,storm Contact,Agents,All,N\A
AZBN_BRU_CCCBROKER,AZBN_BRU_PNC_UW_RETAILPRTF1583,storm Contact,Queues,Starts With,AZBN_BRU_PNC_UW_RETAILPRTF1583_
AZBN_BRU_CCCBROKER,AZBN_BRU_PNC_UW_RETAILPRTF1583,UC,Treatments,Starts With,AZBN_BRU_PNC_UW_RETAILPRTF1583_
AZBN_BRU_CCCBROKER,AZBN_BRU_PNC_UW_RETAILPRTF1583,UC,User Groups,All,N\A
AZBN_BRU_CCCBROKER,AZBN_BRU_PNC_UW_RETAILPRTF1583,UC,Users,ALL,N\A
AZBN_BRU_CCCBROKER,AZBN_BRU_PNC_UW_VDK1930,Conductor,Actions,ALL,N\A
AZBN_BRU_CCCBROKER,AZBN_BRU_PNC_UW_VDK1930,Conductor,Parameters,ALL,N\A
AZBN_BRU_CCCBROKER,AZBN_BRU_PNC_UW_VDK1930,Conductor,Services,Starts With,AZBN_BRU_PNC_UW_VDK1930_
AZBN_BRU_CCCBROKER,AZBN_BRU_PNC_UW_VDK1930,Conductor,Time Layers,ALL,N\A
AZBN_BRU_CCCBROKER,AZBN_BRU_PNC_UW_VDK1930,Conductor,Time Schedules,Starts With,AZBN_BRU_PNC_UW_VDK1930_
AZBN_BRU_CCCBROKER,AZBN_BRU_PNC_UW_VDK1930,storm Contact,Agent Groups,Starts With,AZBN_BRU_PNC_UW_VDK1930_
AZBN_BRU_CCCBROKER,AZBN_BRU_PNC_UW_VDK1930,storm Contact,Agents,All,N\A
AZBN_BRU_CCCBROKER,AZBN_BRU_PNC_UW_VDK1930,storm Contact,Queues,Starts With,AZBN_BRU_PNC_UW_VDK1930_
AZBN_BRU_CCCBROKER,AZBN_BRU_PNC_UW_VDK1930,UC,Treatments,Starts With,AZBN_BRU_PNC_UW_VDK1930_
AZBN_BRU_CCCBROKER,AZBN_BRU_PNC_UW_VDK1930,UC,User Groups,All,N\A
AZBN_BRU_CCCBROKER,AZBN_BRU_PNC_UW_VDK1930,UC,Users,ALL,N\A
AZBN_BRU_CCCBROKER,AZBN_BRU_RETAIL,Conductor,Actions,ALL,N\A
AZBN_BRU_CCCBROKER,AZBN_BRU_RETAIL,Conductor,Parameters,ALL,N\A
AZBN_BRU_CCCBROKER,AZBN_BRU_RETAIL,Conductor,Services,Starts With,AZBN_BRU_RETAIL_
AZBN_BRU_CCCBROKER,AZBN_BRU_RETAIL,Conductor,Time Layers,ALL,N\A
AZBN_BRU_CCCBROKER,AZBN_BRU_RETAIL,Conductor,Time Schedules,Starts With,AZBN_BRU_RETAIL_
AZBN_BRU_CCCBROKER,AZBN_BRU_RETAIL,storm Contact,Agent Groups,Starts With,AZBN_BRU_RETAIL_
AZBN_BRU_CCCBROKER,AZBN_BRU_RETAIL,storm Contact,Agents,All,N\A
AZBN_BRU_CCCBROKER,AZBN_BRU_RETAIL,storm Contact,Queues,Starts With,AZBN_BRU_RETAIL_
AZBN_BRU_CCCBROKER,AZBN_BRU_RETAIL,UC,Treatments,Starts With,AZBN_BRU_RETAIL_
AZBN_BRU_CCCBROKER,AZBN_BRU_RETAIL,UC,User Groups,All,N\A
AZBN_BRU_CCCBROKER,AZBN_BRU_RETAIL,UC,Users,ALL,N\A
AZBN_BRU_CCCBROKER,AZBN_BRU_PNC_RETAIL_LIABILITY1274,Conductor,Actions,ALL,N\A
AZBN_BRU_CCCBROKER,AZBN_BRU_PNC_RETAIL_LIABILITY1274,Conductor,Parameters,ALL,N\A
AZBN_BRU_CCCBROKER,AZBN_BRU_PNC_RETAIL_LIABILITY1274,Conductor,Services,Starts With,AZBN_BRU_PNC_RETAIL_LIABILITY1274_
AZBN_BRU_CCCBROKER,AZBN_BRU_PNC_RETAIL_LIABILITY1274,Conductor,Time Layers,ALL,N\A
AZBN_BRU_CCCBROKER,AZBN_BRU_PNC_RETAIL_LIABILITY1274,Conductor,Time Schedules,Starts With,AZBN_BRU_PNC_RETAIL_LIABILITY1274_
AZBN_BRU_CCCBROKER,AZBN_BRU_PNC_RETAIL_LIABILITY1274,storm Contact,Agent Groups,Starts With,AZBN_BRU_PNC_RETAIL_LIABILITY1274_
AZBN_BRU_CCCBROKER,AZBN_BRU_PNC_RETAIL_LIABILITY1274,storm Contact,Agents,All,N\A
AZBN_BRU_CCCBROKER,AZBN_BRU_PNC_RETAIL_LIABILITY1274,storm Contact,Queues,Starts With,AZBN_BRU_PNC_RETAIL_LIABILITY1274_
AZBN_BRU_CCCBROKER,AZBN_BRU_PNC_RETAIL_LIABILITY1274,UC,Treatments,Starts With,AZBN_BRU_PNC_RETAIL_LIABILITY1274_
AZBN_BRU_CCCBROKER,AZBN_BRU_PNC_RETAIL_LIABILITY1274,UC,User Groups,All,N\A
AZBN_BRU_CCCBROKER,AZBN_BRU_PNC_RETAIL_LIABILITY1274,UC,Users,ALL,N\A
AZBN_BRU_HELPDESK_FIN_INBOUND,AZBN_BRU_HELPDESK,Conductor,Actions,ALL,N\A
AZBN_BRU_HELPDESK_FIN_INBOUND,AZBN_BRU_HELPDESK,Conductor,Parameters,ALL,N\A
AZBN_BRU_HELPDESK_FIN_INBOUND,AZBN_BRU_HELPDESK,Conductor,Services,Starts With,AZBN_BRU_HELPDESK_
AZBN_BRU_HELPDESK_FIN_INBOUND,AZBN_BRU_HELPDESK,Conductor,Time Layers,ALL,N\A
AZBN_BRU_HELPDESK_FIN_INBOUND,AZBN_BRU_HELPDESK,Conductor,Time Schedules,Starts With,AZBN_BRU_HELPDESK_
AZBN_BRU_HELPDESK_FIN_INBOUND,AZBN_BRU_HELPDESK,storm Contact,Agent Groups,Starts With,AZBN_BRU_HELPDESK_
AZBN_BRU_HELPDESK_FIN_INBOUND,AZBN_BRU_HELPDESK,storm Contact,Agents,All,N\A
AZBN_BRU_HELPDESK_FIN_INBOUND,AZBN_BRU_HELPDESK,storm Contact,Queues,Starts With,AZBN_BRU_HELPDESK_
AZBN_BRU_HELPDESK_FIN_INBOUND,AZBN_BRU_HELPDESK,UC,Treatments,Starts With,AZBN_BRU_HELPDESK_
AZBN_BRU_HELPDESK_FIN_INBOUND,AZBN_BRU_HELPDESK,UC,User Groups,All,N\A
AZBN_BRU_HELPDESK_FIN_INBOUND,AZBN_BRU_HELPDESK,UC,Users,ALL,N\A
AZBN_BRU_HELPDESK_FIN_INBOUND,AZBN_BRU_PNC_RELATION_FINANCE-1795,Conductor,Actions,ALL,N\A
AZBN_BRU_HELPDESK_FIN_INBOUND,AZBN_BRU_PNC_RELATION_FINANCE-1795,Conductor,Parameters,ALL,N\A
AZBN_BRU_HELPDESK_FIN_INBOUND,AZBN_BRU_PNC_RELATION_FINANCE-1795,Conductor,Services,Starts With,AZBN_BRU_PNC_RELATION_FINANCE-1795_
AZBN_BRU_HELPDESK_FIN_INBOUND,AZBN_BRU_PNC_RELATION_FINANCE-1795,Conductor,Time Layers,ALL,N\A
AZBN_BRU_HELPDESK_FIN_INBOUND,AZBN_BRU_PNC_RELATION_FINANCE-1795,Conductor,Time Schedules,Starts With,AZBN_BRU_PNC_RELATION_FINANCE-1795_
AZBN_BRU_HELPDESK_FIN_INBOUND,AZBN_BRU_PNC_RELATION_FINANCE-1795,storm Contact,Agent Groups,Starts With,AZBN_BRU_PNC_RELATION_FINANCE-1795_
AZBN_BRU_HELPDESK_FIN_INBOUND,AZBN_BRU_PNC_RELATION_FINANCE-1795,storm Contact,Agents,All,N\A
AZBN_BRU_HELPDESK_FIN_INBOUND,AZBN_BRU_PNC_RELATION_FINANCE-1795,storm Contact,Queues,Starts With,AZBN_BRU_PNC_RELATION_FINANCE-1795_
AZBN_BRU_HELPDESK_FIN_INBOUND,AZBN_BRU_PNC_RELATION_FINANCE-1795,UC,Treatments,Starts With,AZBN_BRU_PNC_RELATION_FINANCE-1795_
AZBN_BRU_HELPDESK_FIN_INBOUND,AZBN_BRU_PNC_RELATION_FINANCE-1795,UC,User Groups,All,N\A
AZBN_BRU_HELPDESK_FIN_INBOUND,AZBN_BRU_PNC_RELATION_FINANCE-1795,UC,Users,ALL,N\A
AZBN_BRU_HELPDESK_FIN_INBOUND,AZBN_BRU_PNC_UW_INBOUNDCALLS-1028,Conductor,Actions,ALL,N\A
AZBN_BRU_HELPDESK_FIN_INBOUND,AZBN_BRU_PNC_UW_INBOUNDCALLS-1028,Conductor,Parameters,ALL,N\A
AZBN_BRU_HELPDESK_FIN_INBOUND,AZBN_BRU_PNC_UW_INBOUNDCALLS-1028,Conductor,Services,Starts With,AZBN_BRU_PNC_UW_INBOUNDCALLS-1028_
AZBN_BRU_HELPDESK_FIN_INBOUND,AZBN_BRU_PNC_UW_INBOUNDCALLS-1028,Conductor,Time Layers,ALL,N\A
AZBN_BRU_HELPDESK_FIN_INBOUND,AZBN_BRU_PNC_UW_INBOUNDCALLS-1028,Conductor,Time Schedules,Starts With,AZBN_BRU_PNC_UW_INBOUNDCALLS-1028_
AZBN_BRU_HELPDESK_FIN_INBOUND,AZBN_BRU_PNC_UW_INBOUNDCALLS-1028,storm Contact,Agent Groups,Starts With,AZBN_BRU_PNC_UW_INBOUNDCALLS-1028_
AZBN_BRU_HELPDESK_FIN_INBOUND,AZBN_BRU_PNC_UW_INBOUNDCALLS-1028,storm Contact,Agents,All,N\A
AZBN_BRU_HELPDESK_FIN_INBOUND,AZBN_BRU_PNC_UW_INBOUNDCALLS-1028,storm Contact,Queues,Starts With,AZBN_BRU_PNC_UW_INBOUNDCALLS-1028_
AZBN_BRU_HELPDESK_FIN_INBOUND,AZBN_BRU_PNC_UW_INBOUNDCALLS-1028,UC,Treatments,Starts With,AZBN_BRU_PNC_UW_INBOUNDCALLS-1028_
AZBN_BRU_HELPDESK_FIN_INBOUND,AZBN_BRU_PNC_UW_INBOUNDCALLS-1028,UC,User Groups,All,N\A
AZBN_BRU_HELPDESK_FIN_INBOUND,AZBN_BRU_PNC_UW_INBOUNDCALLS-1028,UC,Users,ALL,N\A
AZBN_BRU_LIFE_HOSP,AZBN_BRU_LIFE,Conductor,Actions,ALL,N\A
AZBN_BRU_LIFE_HOSP,AZBN_BRU_LIFE,Conductor,Parameters,ALL,N\A
AZBN_BRU_LIFE_HOSP,AZBN_BRU_LIFE,Conductor,Services,Starts With,AZBN_BRU_LIFE_
AZBN_BRU_LIFE_HOSP,AZBN_BRU_LIFE,Conductor,Time Layers,ALL,N\A
AZBN_BRU_LIFE_HOSP,AZBN_BRU_LIFE,Conductor,Time Schedules,Starts With,AZBN_BRU_LIFE_
AZBN_BRU_LIFE_HOSP,AZBN_BRU_LIFE,storm Contact,Agent Groups,Starts With,AZBN_BRU_LIFE_
AZBN_BRU_LIFE_HOSP,AZBN_BRU_LIFE,storm Contact,Agents,All,N\A
AZBN_BRU_LIFE_HOSP,AZBN_BRU_LIFE,storm Contact,Queues,Starts With,AZBN_BRU_LIFE_
AZBN_BRU_LIFE_HOSP,AZBN_BRU_LIFE,UC,Treatments,Starts With,AZBN_BRU_LIFE_
AZBN_BRU_LIFE_HOSP,AZBN_BRU_LIFE,UC,User Groups,All,N\A
AZBN_BRU_LIFE_HOSP,AZBN_BRU_LIFE,UC,Users,ALL,N\A
AZBN_BRU_LIFE_HOSP,AZBN_BRU_HOSP,Conductor,Actions,ALL,N\A
AZBN_BRU_LIFE_HOSP,AZBN_BRU_HOSP,Conductor,Parameters,ALL,N\A
AZBN_BRU_LIFE_HOSP,AZBN_BRU_HOSP,Conductor,Services,Starts With,AZBN_BRU_HOSP_
AZBN_BRU_LIFE_HOSP,AZBN_BRU_HOSP,Conductor,Time Layers,ALL,N\A
AZBN_BRU_LIFE_HOSP,AZBN_BRU_HOSP,Conductor,Time Schedules,Starts With,AZBN_BRU_HOSP_
AZBN_BRU_LIFE_HOSP,AZBN_BRU_HOSP,storm Contact,Agent Groups,Starts With,AZBN_BRU_HOSP_
AZBN_BRU_LIFE_HOSP,AZBN_BRU_HOSP,storm Contact,Agents,All,N\A
AZBN_BRU_LIFE_HOSP,AZBN_BRU_HOSP,storm Contact,Queues,Starts With,AZBN_BRU_HOSP_
AZBN_BRU_LIFE_HOSP,AZBN_BRU_HOSP,UC,Treatments,Starts With,AZBN_BRU_HOSP_
AZBN_BRU_LIFE_HOSP,AZBN_BRU_HOSP,UC,User Groups,All,N\A
AZBN_BRU_LIFE_HOSP,AZBN_BRU_HOSP,UC,Users,ALL,N\A
AZBN_BRU_CLAIMS,AZBN_BRU_CLAIMS,Conductor,Actions,ALL,N\A
AZBN_BRU_CLAIMS,AZBN_BRU_CLAIMS,Conductor,Parameters,ALL,N\A
AZBN_BRU_CLAIMS,AZBN_BRU_CLAIMS,Conductor,Services,Starts With,AZBN_BRU_CLAIMS_
AZBN_BRU_CLAIMS,AZBN_BRU_CLAIMS,Conductor,Time Layers,ALL,N\A
AZBN_BRU_CLAIMS,AZBN_BRU_CLAIMS,Conductor,Time Schedules,Starts With,AZBN_BRU_CLAIMS_
AZBN_BRU_CLAIMS,AZBN_BRU_CLAIMS,storm Contact,Agent Groups,Starts With,AZBN_BRU_CLAIMS_
AZBN_BRU_CLAIMS,AZBN_BRU_CLAIMS,storm Contact,Agents,All,N\A
AZBN_BRU_CLAIMS,AZBN_BRU_CLAIMS,storm Contact,Queues,Starts With,AZBN_BRU_CLAIMS_
AZBN_BRU_CLAIMS,AZBN_BRU_CLAIMS,UC,Treatments,Starts With,AZBN_BRU_CLAIMS_
AZBN_BRU_CLAIMS,AZBN_BRU_CLAIMS,UC,User Groups,All,N\A
AZBN_BRU_CLAIMS,AZBN_BRU_CLAIMS,UC,Users,ALL,N\A
AZBN_BRU_CLAIMS,AZBN_BRU_PNC_CLAIMS,Conductor,Actions,ALL,N\A
AZBN_BRU_CLAIMS,AZBN_BRU_PNC_CLAIMS,Conductor,Parameters,ALL,N\A
AZBN_BRU_CLAIMS,AZBN_BRU_PNC_CLAIMS,Conductor,Services,Starts With,AZBN_BRU_PNC_CLAIMS_
AZBN_BRU_CLAIMS,AZBN_BRU_PNC_CLAIMS,Conductor,Time Layers,ALL,N\A
AZBN_BRU_CLAIMS,AZBN_BRU_PNC_CLAIMS,Conductor,Time Schedules,Starts With,AZBN_BRU_PNC_CLAIMS_
AZBN_BRU_CLAIMS,AZBN_BRU_PNC_CLAIMS,storm Contact,Agent Groups,Starts With,AZBN_BRU_PNC_CLAIMS_
AZBN_BRU_CLAIMS,AZBN_BRU_PNC_CLAIMS,storm Contact,Agents,All,N\A
AZBN_BRU_CLAIMS,AZBN_BRU_PNC_CLAIMS,storm Contact,Queues,Starts With,AZBN_BRU_PNC_CLAIMS_
AZBN_BRU_CLAIMS,AZBN_BRU_PNC_CLAIMS,UC,Treatments,Starts With,AZBN_BRU_PNC_CLAIMS_
AZBN_BRU_CLAIMS,AZBN_BRU_PNC_CLAIMS,UC,User Groups,All,N\A
AZBN_BRU_CLAIMS,AZBN_BRU_PNC_CLAIMS,UC,Users,ALL,N\A
AZBN_BRU_CLAIMS,AZBN_BRU_PNC_LEGAL,Conductor,Actions,ALL,N\A
AZBN_BRU_CLAIMS,AZBN_BRU_PNC_LEGAL,Conductor,Parameters,ALL,N\A
AZBN_BRU_CLAIMS,AZBN_BRU_PNC_LEGAL,Conductor,Services,Starts With,AZBN_BRU_PNC_LEGAL_
AZBN_BRU_CLAIMS,AZBN_BRU_PNC_LEGAL,Conductor,Time Layers,ALL,N\A
AZBN_BRU_CLAIMS,AZBN_BRU_PNC_LEGAL,Conductor,Time Schedules,Starts With,AZBN_BRU_PNC_LEGAL_
AZBN_BRU_CLAIMS,AZBN_BRU_PNC_LEGAL,storm Contact,Agent Groups,Starts With,AZBN_BRU_PNC_LEGAL_
AZBN_BRU_CLAIMS,AZBN_BRU_PNC_LEGAL,storm Contact,Agents,All,N\A
AZBN_BRU_CLAIMS,AZBN_BRU_PNC_LEGAL,storm Contact,Queues,Starts With,AZBN_BRU_PNC_LEGAL_
AZBN_BRU_CLAIMS,AZBN_BRU_PNC_LEGAL,UC,Treatments,Starts With,AZBN_BRU_PNC_LEGAL_
AZBN_BRU_CLAIMS,AZBN_BRU_PNC_LEGAL,UC,User Groups,All,N\A
AZBN_BRU_CLAIMS,AZBN_BRU_PNC_LEGAL,UC,Users,ALL,N\A
AZBN_BRU_MIDCORP,AZBN_BRU_UW_MIDCORP,Conductor,Actions,ALL,N\A
AZBN_BRU_MIDCORP,AZBN_BRU_UW_MIDCORP,Conductor,Parameters,ALL,N\A
AZBN_BRU_MIDCORP,AZBN_BRU_UW_MIDCORP,Conductor,Services,Starts With,AZBN_BRU_UW_MIDCORP_
AZBN_BRU_MIDCORP,AZBN_BRU_UW_MIDCORP,Conductor,Time Layers,ALL,N\A
AZBN_BRU_MIDCORP,AZBN_BRU_UW_MIDCORP,Conductor,Time Schedules,Starts With,AZBN_BRU_UW_MIDCORP_
AZBN_BRU_MIDCORP,AZBN_BRU_UW_MIDCORP,storm Contact,Agent Groups,Starts With,AZBN_BRU_UW_MIDCORP_
AZBN_BRU_MIDCORP,AZBN_BRU_UW_MIDCORP,storm Contact,Agents,All,N\A
AZBN_BRU_MIDCORP,AZBN_BRU_UW_MIDCORP,storm Contact,Queues,Starts With,AZBN_BRU_UW_MIDCORP_
AZBN_BRU_MIDCORP,AZBN_BRU_UW_MIDCORP,UC,Treatments,Starts With,AZBN_BRU_UW_MIDCORP_
AZBN_BRU_MIDCORP,AZBN_BRU_UW_MIDCORP,UC,User Groups,All,N\A
AZBN_BRU_MIDCORP,AZBN_BRU_UW_MIDCORP,UC,Users,ALL,N\A
AZBN_BRU_MIDCORP,AZBN_BRU_PNC_UW_CONSTRUCT-PLAN1136,Conductor,Actions,ALL,N\A
AZBN_BRU_MIDCORP,AZBN_BRU_PNC_UW_CONSTRUCT-PLAN1136,Conductor,Parameters,ALL,N\A
AZBN_BRU_MIDCORP,AZBN_BRU_PNC_UW_CONSTRUCT-PLAN1136,Conductor,Services,Starts With,AZBN_BRU_PNC_UW_CONSTRUCT-PLAN1136_
AZBN_BRU_MIDCORP,AZBN_BRU_PNC_UW_CONSTRUCT-PLAN1136,Conductor,Time Layers,ALL,N\A
AZBN_BRU_MIDCORP,AZBN_BRU_PNC_UW_CONSTRUCT-PLAN1136,Conductor,Time Schedules,Starts With,AZBN_BRU_PNC_UW_CONSTRUCT-PLAN1136_
AZBN_BRU_MIDCORP,AZBN_BRU_PNC_UW_CONSTRUCT-PLAN1136,storm Contact,Agent Groups,Starts With,AZBN_BRU_PNC_UW_CONSTRUCT-PLAN1136_
AZBN_BRU_MIDCORP,AZBN_BRU_PNC_UW_CONSTRUCT-PLAN1136,storm Contact,Agents,All,N\A
AZBN_BRU_MIDCORP,AZBN_BRU_PNC_UW_CONSTRUCT-PLAN1136,storm Contact,Queues,Starts With,AZBN_BRU_PNC_UW_CONSTRUCT-PLAN1136_
AZBN_BRU_MIDCORP,AZBN_BRU_PNC_UW_CONSTRUCT-PLAN1136,UC,Treatments,Starts With,AZBN_BRU_PNC_UW_CONSTRUCT-PLAN1136_
AZBN_BRU_MIDCORP,AZBN_BRU_PNC_UW_CONSTRUCT-PLAN1136,UC,User Groups,All,N\A
AZBN_BRU_MIDCORP,AZBN_BRU_PNC_UW_CONSTRUCT-PLAN1136,UC,Users,ALL,N\A
AZBN_BRU_MIDCORP,AZBN_BRU_PNC_UW_MIDCORPPROPER-BUILDING1097,Conductor,Actions,ALL,N\A
AZBN_BRU_MIDCORP,AZBN_BRU_PNC_UW_MIDCORPPROPER-BUILDING1097,Conductor,Parameters,ALL,N\A
AZBN_BRU_MIDCORP,AZBN_BRU_PNC_UW_MIDCORPPROPER-BUILDING1097,Conductor,Services,Starts With,AZBN_BRU_PNC_UW_MIDCORPPROPER-BUILDING1097_
AZBN_BRU_MIDCORP,AZBN_BRU_PNC_UW_MIDCORPPROPER-BUILDING1097,Conductor,Time Layers,ALL,N\A
AZBN_BRU_MIDCORP,AZBN_BRU_PNC_UW_MIDCORPPROPER-BUILDING1097,Conductor,Time Schedules,Starts With,AZBN_BRU_PNC_UW_MIDCORPPROPER-BUILDING1097_
AZBN_BRU_MIDCORP,AZBN_BRU_PNC_UW_MIDCORPPROPER-BUILDING1097,storm Contact,Agent Groups,Starts With,AZBN_BRU_PNC_UW_MIDCORPPROPER-BUILDING1097_
AZBN_BRU_MIDCORP,AZBN_BRU_PNC_UW_MIDCORPPROPER-BUILDING1097,storm Contact,Agents,All,N\A
AZBN_BRU_MIDCORP,AZBN_BRU_PNC_UW_MIDCORPPROPER-BUILDING1097,storm Contact,Queues,Starts With,AZBN_BRU_PNC_UW_MIDCORPPROPER-BUILDING1097_
AZBN_BRU_MIDCORP,AZBN_BRU_PNC_UW_MIDCORPPROPER-BUILDING1097,UC,Treatments,Starts With,AZBN_BRU_PNC_UW_MIDCORPPROPER-BUILDING1097_
AZBN_BRU_MIDCORP,AZBN_BRU_PNC_UW_MIDCORPPROPER-BUILDING1097,UC,User Groups,All,N\A
AZBN_BRU_MIDCORP,AZBN_BRU_PNC_UW_MIDCORPPROPER-BUILDING1097,UC,Users,ALL,N\A
AZBN_BRU_MIDCORP,AZBN_BRU_PNC_UW_MIDCORPSERVICE-ENGINE1089,Conductor,Actions,ALL,N\A
AZBN_BRU_MIDCORP,AZBN_BRU_PNC_UW_MIDCORPSERVICE-ENGINE1089,Conductor,Parameters,ALL,N\A
AZBN_BRU_MIDCORP,AZBN_BRU_PNC_UW_MIDCORPSERVICE-ENGINE1089,Conductor,Services,Starts With,AZBN_BRU_PNC_UW_MIDCORPSERVICE-ENGINE1089_
AZBN_BRU_MIDCORP,AZBN_BRU_PNC_UW_MIDCORPSERVICE-ENGINE1089,Conductor,Time Layers,ALL,N\A
AZBN_BRU_MIDCORP,AZBN_BRU_PNC_UW_MIDCORPSERVICE-ENGINE1089,Conductor,Time Schedules,Starts With,AZBN_BRU_PNC_UW_MIDCORPSERVICE-ENGINE1089_
AZBN_BRU_MIDCORP,AZBN_BRU_PNC_UW_MIDCORPSERVICE-ENGINE1089,storm Contact,Agent Groups,Starts With,AZBN_BRU_PNC_UW_MIDCORPSERVICE-ENGINE1089_
AZBN_BRU_MIDCORP,AZBN_BRU_PNC_UW_MIDCORPSERVICE-ENGINE1089,storm Contact,Agents,All,N\A
AZBN_BRU_MIDCORP,AZBN_BRU_PNC_UW_MIDCORPSERVICE-ENGINE1089,storm Contact,Queues,Starts With,AZBN_BRU_PNC_UW_MIDCORPSERVICE-ENGINE1089_
AZBN_BRU_MIDCORP,AZBN_BRU_PNC_UW_MIDCORPSERVICE-ENGINE1089,UC,Treatments,Starts With,AZBN_BRU_PNC_UW_MIDCORPSERVICE-ENGINE1089_
AZBN_BRU_MIDCORP,AZBN_BRU_PNC_UW_MIDCORPSERVICE-ENGINE1089,UC,User Groups,All,N\A
AZBN_BRU_MIDCORP,AZBN_BRU_PNC_UW_MIDCORPSERVICE-ENGINE1089,UC,Users,ALL,N\A
AZBN_BRU_MIDCORP,AZBN_BRU_PNC_UW_MIDCORPSERVICE-LIABILITY1090,Conductor,Actions,ALL,N\A
AZBN_BRU_MIDCORP,AZBN_BRU_PNC_UW_MIDCORPSERVICE-LIABILITY1090,Conductor,Parameters,ALL,N\A
AZBN_BRU_MIDCORP,AZBN_BRU_PNC_UW_MIDCORPSERVICE-LIABILITY1090,Conductor,Services,Starts With,AZBN_BRU_PNC_UW_MIDCORPSERVICE-LIABILITY1090_
AZBN_BRU_MIDCORP,AZBN_BRU_PNC_UW_MIDCORPSERVICE-LIABILITY1090,Conductor,Time Layers,ALL,N\A
AZBN_BRU_MIDCORP,AZBN_BRU_PNC_UW_MIDCORPSERVICE-LIABILITY1090,Conductor,Time Schedules,Starts With,AZBN_BRU_PNC_UW_MIDCORPSERVICE-LIABILITY1090_
AZBN_BRU_MIDCORP,AZBN_BRU_PNC_UW_MIDCORPSERVICE-LIABILITY1090,storm Contact,Agent Groups,Starts With,AZBN_BRU_PNC_UW_MIDCORPSERVICE-LIABILITY1090_
AZBN_BRU_MIDCORP,AZBN_BRU_PNC_UW_MIDCORPSERVICE-LIABILITY1090,storm Contact,Agents,All,N\A
AZBN_BRU_MIDCORP,AZBN_BRU_PNC_UW_MIDCORPSERVICE-LIABILITY1090,storm Contact,Queues,Starts With,AZBN_BRU_PNC_UW_MIDCORPSERVICE-LIABILITY1090_
AZBN_BRU_MIDCORP,AZBN_BRU_PNC_UW_MIDCORPSERVICE-LIABILITY1090,UC,Treatments,Starts With,AZBN_BRU_PNC_UW_MIDCORPSERVICE-LIABILITY1090_
AZBN_BRU_MIDCORP,AZBN_BRU_PNC_UW_MIDCORPSERVICE-LIABILITY1090,UC,User Groups,All,N\A
AZBN_BRU_MIDCORP,AZBN_BRU_PNC_UW_MIDCORPSERVICE-LIABILITY1090,UC,Users,ALL,N\A
AZBN_BRU_MIDCORP,AZBN_BRU_PNC_UW_MIDCORPSERVICE-PROPERTY1096,Conductor,Actions,ALL,N\A
AZBN_BRU_MIDCORP,AZBN_BRU_PNC_UW_MIDCORPSERVICE-PROPERTY1096,Conductor,Parameters,ALL,N\A
AZBN_BRU_MIDCORP,AZBN_BRU_PNC_UW_MIDCORPSERVICE-PROPERTY1096,Conductor,Services,Starts With,AZBN_BRU_PNC_UW_MIDCORPSERVICE-PROPERTY1096_
AZBN_BRU_MIDCORP,AZBN_BRU_PNC_UW_MIDCORPSERVICE-PROPERTY1096,Conductor,Time Layers,ALL,N\A
AZBN_BRU_MIDCORP,AZBN_BRU_PNC_UW_MIDCORPSERVICE-PROPERTY1096,Conductor,Time Schedules,Starts With,AZBN_BRU_PNC_UW_MIDCORPSERVICE-PROPERTY1096_
AZBN_BRU_MIDCORP,AZBN_BRU_PNC_UW_MIDCORPSERVICE-PROPERTY1096,storm Contact,Agent Groups,Starts With,AZBN_BRU_PNC_UW_MIDCORPSERVICE-PROPERTY1096_
AZBN_BRU_MIDCORP,AZBN_BRU_PNC_UW_MIDCORPSERVICE-PROPERTY1096,storm Contact,Agents,All,N\A
AZBN_BRU_MIDCORP,AZBN_BRU_PNC_UW_MIDCORPSERVICE-PROPERTY1096,storm Contact,Queues,Starts With,AZBN_BRU_PNC_UW_MIDCORPSERVICE-PROPERTY1096_
AZBN_BRU_MIDCORP,AZBN_BRU_PNC_UW_MIDCORPSERVICE-PROPERTY1096,UC,Treatments,Starts With,AZBN_BRU_PNC_UW_MIDCORPSERVICE-PROPERTY1096_
AZBN_BRU_MIDCORP,AZBN_BRU_PNC_UW_MIDCORPSERVICE-PROPERTY1096,UC,User Groups,All,N\A
AZBN_BRU_MIDCORP,AZBN_BRU_PNC_UW_MIDCORPSERVICE-PROPERTY1096,UC,Users,ALL,N\A
AZBN_BRU_PME,AZBN_BRU_PNC_PME,Conductor,Actions,ALL,N\A
AZBN_BRU_PME,AZBN_BRU_PNC_PME,Conductor,Parameters,ALL,N\A
AZBN_BRU_PME,AZBN_BRU_PNC_PME,Conductor,Services,Starts With,AZBN_BRU_PNC_PME_
AZBN_BRU_PME,AZBN_BRU_PNC_PME,Conductor,Time Layers,ALL,N\A
AZBN_BRU_PME,AZBN_BRU_PNC_PME,Conductor,Time Schedules,Starts With,AZBN_BRU_PNC_PME_
AZBN_BRU_PME,AZBN_BRU_PNC_PME,storm Contact,Agent Groups,Starts With,AZBN_BRU_PNC_PME_
AZBN_BRU_PME,AZBN_BRU_PNC_PME,storm Contact,Agents,All,N\A
AZBN_BRU_PME,AZBN_BRU_PNC_PME,storm Contact,Queues,Starts With,AZBN_BRU_PNC_PME_
AZBN_BRU_PME,AZBN_BRU_PNC_PME,UC,Treatments,Starts With,AZBN_BRU_PNC_PME_
AZBN_BRU_PME,AZBN_BRU_PNC_PME,UC,User Groups,All,N\A
AZBN_BRU_PME,AZBN_BRU_PNC_PME,UC,Users,ALL,N\A
AZBN_BRU_PME,AZBN_BRU_UW_PME,Conductor,Actions,ALL,N\A
AZBN_BRU_PME,AZBN_BRU_UW_PME,Conductor,Parameters,ALL,N\A
AZBN_BRU_PME,AZBN_BRU_UW_PME,Conductor,Services,Starts With,AZBN_BRU_UW_PME_
AZBN_BRU_PME,AZBN_BRU_UW_PME,Conductor,Time Layers,ALL,N\A
AZBN_BRU_PME,AZBN_BRU_UW_PME,Conductor,Time Schedules,Starts With,AZBN_BRU_UW_PME_
AZBN_BRU_PME,AZBN_BRU_UW_PME,storm Contact,Agent Groups,Starts With,AZBN_BRU_UW_PME_
AZBN_BRU_PME,AZBN_BRU_UW_PME,storm Contact,Agents,All,N\A
AZBN_BRU_PME,AZBN_BRU_UW_PME,storm Contact,Queues,Starts With,AZBN_BRU_UW_PME_
AZBN_BRU_PME,AZBN_BRU_UW_PME,UC,Treatments,Starts With,AZBN_BRU_UW_PME_
AZBN_BRU_PME,AZBN_BRU_UW_PME,UC,User Groups,All,N\A
AZBN_BRU_PME,AZBN_BRU_UW_PME,UC,Users,ALL,N\A
AZBN_BRU_PME,AZBN_BRU_PNC_UW_PME-ACCOUNTING-1022,Conductor,Actions,ALL,N\A
AZBN_BRU_PME,AZBN_BRU_PNC_UW_PME-ACCOUNTING-1022,Conductor,Parameters,ALL,N\A
AZBN_BRU_PME,AZBN_BRU_PNC_UW_PME-ACCOUNTING-1022,Conductor,Services,Starts With,AZBN_BRU_PNC_UW_PME-ACCOUNTING-1022_
AZBN_BRU_PME,AZBN_BRU_PNC_UW_PME-ACCOUNTING-1022,Conductor,Time Layers,ALL,N\A
AZBN_BRU_PME,AZBN_BRU_PNC_UW_PME-ACCOUNTING-1022,Conductor,Time Schedules,Starts With,AZBN_BRU_PNC_UW_PME-ACCOUNTING-1022_
AZBN_BRU_PME,AZBN_BRU_PNC_UW_PME-ACCOUNTING-1022,storm Contact,Agent Groups,Starts With,AZBN_BRU_PNC_UW_PME-ACCOUNTING-1022_
AZBN_BRU_PME,AZBN_BRU_PNC_UW_PME-ACCOUNTING-1022,storm Contact,Agents,All,N\A
AZBN_BRU_PME,AZBN_BRU_PNC_UW_PME-ACCOUNTING-1022,storm Contact,Queues,Starts With,AZBN_BRU_PNC_UW_PME-ACCOUNTING-1022_
AZBN_BRU_PME,AZBN_BRU_PNC_UW_PME-ACCOUNTING-1022,UC,Treatments,Starts With,AZBN_BRU_PNC_UW_PME-ACCOUNTING-1022_
AZBN_BRU_PME,AZBN_BRU_PNC_UW_PME-ACCOUNTING-1022,UC,User Groups,All,N\A
AZBN_BRU_PME,AZBN_BRU_PNC_UW_PME-ACCOUNTING-1022,UC,Users,ALL,N\A
AZBN_BRU_PME,AZBN_BRU_PNC_UW_PME-ACCOUNTING-1023,Conductor,Actions,ALL,N\A
AZBN_BRU_PME,AZBN_BRU_PNC_UW_PME-ACCOUNTING-1023,Conductor,Parameters,ALL,N\A
AZBN_BRU_PME,AZBN_BRU_PNC_UW_PME-ACCOUNTING-1023,Conductor,Services,Starts With,AZBN_BRU_PNC_UW_PME-ACCOUNTING-1023_
AZBN_BRU_PME,AZBN_BRU_PNC_UW_PME-ACCOUNTING-1023,Conductor,Time Layers,ALL,N\A
AZBN_BRU_PME,AZBN_BRU_PNC_UW_PME-ACCOUNTING-1023,Conductor,Time Schedules,Starts With,AZBN_BRU_PNC_UW_PME-ACCOUNTING-1023_
AZBN_BRU_PME,AZBN_BRU_PNC_UW_PME-ACCOUNTING-1023,storm Contact,Agent Groups,Starts With,AZBN_BRU_PNC_UW_PME-ACCOUNTING-1023_
AZBN_BRU_PME,AZBN_BRU_PNC_UW_PME-ACCOUNTING-1023,storm Contact,Agents,All,N\A
AZBN_BRU_PME,AZBN_BRU_PNC_UW_PME-ACCOUNTING-1023,storm Contact,Queues,Starts With,AZBN_BRU_PNC_UW_PME-ACCOUNTING-1023_
AZBN_BRU_PME,AZBN_BRU_PNC_UW_PME-ACCOUNTING-1023,UC,Treatments,Starts With,AZBN_BRU_PNC_UW_PME-ACCOUNTING-1023_
AZBN_BRU_PME,AZBN_BRU_PNC_UW_PME-ACCOUNTING-1023,UC,User Groups,All,N\A
AZBN_BRU_PME,AZBN_BRU_PNC_UW_PME-ACCOUNTING-1023,UC,Users,ALL,N\A
AZBN_BRU_PME,AZBN_BRU_PNC_UW_PME-OFFER-1022,Conductor,Actions,ALL,N\A
AZBN_BRU_PME,AZBN_BRU_PNC_UW_PME-OFFER-1022,Conductor,Parameters,ALL,N\A
AZBN_BRU_PME,AZBN_BRU_PNC_UW_PME-OFFER-1022,Conductor,Services,Starts With,AZBN_BRU_PNC_UW_PME-OFFER-1022_
AZBN_BRU_PME,AZBN_BRU_PNC_UW_PME-OFFER-1022,Conductor,Time Layers,ALL,N\A
AZBN_BRU_PME,AZBN_BRU_PNC_UW_PME-OFFER-1022,Conductor,Time Schedules,Starts With,AZBN_BRU_PNC_UW_PME-OFFER-1022_
AZBN_BRU_PME,AZBN_BRU_PNC_UW_PME-OFFER-1022,storm Contact,Agent Groups,Starts With,AZBN_BRU_PNC_UW_PME-OFFER-1022_
AZBN_BRU_PME,AZBN_BRU_PNC_UW_PME-OFFER-1022,storm Contact,Agents,All,N\A
AZBN_BRU_PME,AZBN_BRU_PNC_UW_PME-OFFER-1022,storm Contact,Queues,Starts With,AZBN_BRU_PNC_UW_PME-OFFER-1022_
AZBN_BRU_PME,AZBN_BRU_PNC_UW_PME-OFFER-1022,UC,Treatments,Starts With,AZBN_BRU_PNC_UW_PME-OFFER-1022_
AZBN_BRU_PME,AZBN_BRU_PNC_UW_PME-OFFER-1022,UC,User Groups,All,N\A
AZBN_BRU_PME,AZBN_BRU_PNC_UW_PME-OFFER-1022,UC,Users,ALL,N\A
AZBN_BRU_PME,AZBN_BRU_PNC_UW_PME-OFFER-1023,Conductor,Actions,ALL,N\A
AZBN_BRU_PME,AZBN_BRU_PNC_UW_PME-OFFER-1023,Conductor,Parameters,ALL,N\A
AZBN_BRU_PME,AZBN_BRU_PNC_UW_PME-OFFER-1023,Conductor,Services,Starts With,AZBN_BRU_PNC_UW_PME-OFFER-1023_
AZBN_BRU_PME,AZBN_BRU_PNC_UW_PME-OFFER-1023,Conductor,Time Layers,ALL,N\A
AZBN_BRU_PME,AZBN_BRU_PNC_UW_PME-OFFER-1023,Conductor,Time Schedules,Starts With,AZBN_BRU_PNC_UW_PME-OFFER-1023_
AZBN_BRU_PME,AZBN_BRU_PNC_UW_PME-OFFER-1023,storm Contact,Agent Groups,Starts With,AZBN_BRU_PNC_UW_PME-OFFER-1023_
AZBN_BRU_PME,AZBN_BRU_PNC_UW_PME-OFFER-1023,storm Contact,Agents,All,N\A
AZBN_BRU_PME,AZBN_BRU_PNC_UW_PME-OFFER-1023,storm Contact,Queues,Starts With,AZBN_BRU_PNC_UW_PME-OFFER-1023_
AZBN_BRU_PME,AZBN_BRU_PNC_UW_PME-OFFER-1023,UC,Treatments,Starts With,AZBN_BRU_PNC_UW_PME-OFFER-1023_
AZBN_BRU_PME,AZBN_BRU_PNC_UW_PME-OFFER-1023,UC,User Groups,All,N\A
AZBN_BRU_PME,AZBN_BRU_PNC_UW_PME-OFFER-1023,UC,Users,ALL,N\A
AZBN_BRU_PME,AZBN_BRU_PNC_UW_PMEPLK-1953,Conductor,Actions,ALL,N\A
AZBN_BRU_PME,AZBN_BRU_PNC_UW_PMEPLK-1953,Conductor,Parameters,ALL,N\A
AZBN_BRU_PME,AZBN_BRU_PNC_UW_PMEPLK-1953,Conductor,Services,Starts With,AZBN_BRU_PNC_UW_PMEPLK-1953_
AZBN_BRU_PME,AZBN_BRU_PNC_UW_PMEPLK-1953,Conductor,Time Layers,ALL,N\A
AZBN_BRU_PME,AZBN_BRU_PNC_UW_PMEPLK-1953,Conductor,Time Schedules,Starts With,AZBN_BRU_PNC_UW_PMEPLK-1953_
AZBN_BRU_PME,AZBN_BRU_PNC_UW_PMEPLK-1953,storm Contact,Agent Groups,Starts With,AZBN_BRU_PNC_UW_PMEPLK-1953_
AZBN_BRU_PME,AZBN_BRU_PNC_UW_PMEPLK-1953,storm Contact,Agents,All,N\A
AZBN_BRU_PME,AZBN_BRU_PNC_UW_PMEPLK-1953,storm Contact,Queues,Starts With,AZBN_BRU_PNC_UW_PMEPLK-1953_
AZBN_BRU_PME,AZBN_BRU_PNC_UW_PMEPLK-1953,UC,Treatments,Starts With,AZBN_BRU_PNC_UW_PMEPLK-1953_
AZBN_BRU_PME,AZBN_BRU_PNC_UW_PMEPLK-1953,UC,User Groups,All,N\A
AZBN_BRU_PME,AZBN_BRU_PNC_UW_PMEPLK-1953,UC,Users,ALL,N\A
AZBN_BRU_PME,AZBN_BRU_PNC_UW_PMEPLKBIZZ-1904,Conductor,Actions,ALL,N\A
AZBN_BRU_PME,AZBN_BRU_PNC_UW_PMEPLKBIZZ-1904,Conductor,Parameters,ALL,N\A
AZBN_BRU_PME,AZBN_BRU_PNC_UW_PMEPLKBIZZ-1904,Conductor,Services,Starts With,AZBN_BRU_PNC_UW_PMEPLKBIZZ-1904_
AZBN_BRU_PME,AZBN_BRU_PNC_UW_PMEPLKBIZZ-1904,Conductor,Time Layers,ALL,N\A
AZBN_BRU_PME,AZBN_BRU_PNC_UW_PMEPLKBIZZ-1904,Conductor,Time Schedules,Starts With,AZBN_BRU_PNC_UW_PMEPLKBIZZ-1904_
AZBN_BRU_PME,AZBN_BRU_PNC_UW_PMEPLKBIZZ-1904,storm Contact,Agent Groups,Starts With,AZBN_BRU_PNC_UW_PMEPLKBIZZ-1904_
AZBN_BRU_PME,AZBN_BRU_PNC_UW_PMEPLKBIZZ-1904,storm Contact,Agents,All,N\A
AZBN_BRU_PME,AZBN_BRU_PNC_UW_PMEPLKBIZZ-1904,storm Contact,Queues,Starts With,AZBN_BRU_PNC_UW_PMEPLKBIZZ-1904_
AZBN_BRU_PME,AZBN_BRU_PNC_UW_PMEPLKBIZZ-1904,UC,Treatments,Starts With,AZBN_BRU_PNC_UW_PMEPLKBIZZ-1904_
AZBN_BRU_PME,AZBN_BRU_PNC_UW_PMEPLKBIZZ-1904,UC,User Groups,All,N\A
AZBN_BRU_PME,AZBN_BRU_PNC_UW_PMEPLKBIZZ-1904,UC,Users,ALL,N\A
AZBN_BRU_PME,AZBN_BRU_PNC_UW_PMEPLKRT-1507,Conductor,Actions,ALL,N\A
AZBN_BRU_PME,AZBN_BRU_PNC_UW_PMEPLKRT-1507,Conductor,Parameters,ALL,N\A
AZBN_BRU_PME,AZBN_BRU_PNC_UW_PMEPLKRT-1507,Conductor,Services,Starts With,AZBN_BRU_PNC_UW_PMEPLKRT-1507_
AZBN_BRU_PME,AZBN_BRU_PNC_UW_PMEPLKRT-1507,Conductor,Time Layers,ALL,N\A
AZBN_BRU_PME,AZBN_BRU_PNC_UW_PMEPLKRT-1507,Conductor,Time Schedules,Starts With,AZBN_BRU_PNC_UW_PMEPLKRT-1507_
AZBN_BRU_PME,AZBN_BRU_PNC_UW_PMEPLKRT-1507,storm Contact,Agent Groups,Starts With,AZBN_BRU_PNC_UW_PMEPLKRT-1507_
AZBN_BRU_PME,AZBN_BRU_PNC_UW_PMEPLKRT-1507,storm Contact,Agents,All,N\A
AZBN_BRU_PME,AZBN_BRU_PNC_UW_PMEPLKRT-1507,storm Contact,Queues,Starts With,AZBN_BRU_PNC_UW_PMEPLKRT-1507_
AZBN_BRU_PME,AZBN_BRU_PNC_UW_PMEPLKRT-1507,UC,Treatments,Starts With,AZBN_BRU_PNC_UW_PMEPLKRT-1507_
AZBN_BRU_PME,AZBN_BRU_PNC_UW_PMEPLKRT-1507,UC,User Groups,All,N\A
AZBN_BRU_PME,AZBN_BRU_PNC_UW_PMEPLKRT-1507,UC,Users,ALL,N\A
AZBN_BRU_PME,AZBN_BRU_PNC_UW_PMEPLKRT-1962,Conductor,Actions,ALL,N\A
AZBN_BRU_PME,AZBN_BRU_PNC_UW_PMEPLKRT-1962,Conductor,Parameters,ALL,N\A
AZBN_BRU_PME,AZBN_BRU_PNC_UW_PMEPLKRT-1962,Conductor,Services,Starts With,AZBN_BRU_PNC_UW_PMEPLKRT-1962_
AZBN_BRU_PME,AZBN_BRU_PNC_UW_PMEPLKRT-1962,Conductor,Time Layers,ALL,N\A
AZBN_BRU_PME,AZBN_BRU_PNC_UW_PMEPLKRT-1962,Conductor,Time Schedules,Starts With,AZBN_BRU_PNC_UW_PMEPLKRT-1962_
AZBN_BRU_PME,AZBN_BRU_PNC_UW_PMEPLKRT-1962,storm Contact,Agent Groups,Starts With,AZBN_BRU_PNC_UW_PMEPLKRT-1962_
AZBN_BRU_PME,AZBN_BRU_PNC_UW_PMEPLKRT-1962,storm Contact,Agents,All,N\A
AZBN_BRU_PME,AZBN_BRU_PNC_UW_PMEPLKRT-1962,storm Contact,Queues,Starts With,AZBN_BRU_PNC_UW_PMEPLKRT-1962_
AZBN_BRU_PME,AZBN_BRU_PNC_UW_PMEPLKRT-1962,UC,Treatments,Starts With,AZBN_BRU_PNC_UW_PMEPLKRT-1962_
AZBN_BRU_PME,AZBN_BRU_PNC_UW_PMEPLKRT-1962,UC,User Groups,All,N\A
AZBN_BRU_PME,AZBN_BRU_PNC_UW_PMEPLKRT-1962,UC,Users,ALL,N\A
AZBN_BRU_PME,AZBN_BRU_PNC_UW_PME-PLKWA1265,Conductor,Actions,ALL,N\A
AZBN_BRU_PME,AZBN_BRU_PNC_UW_PME-PLKWA1265,Conductor,Parameters,ALL,N\A
AZBN_BRU_PME,AZBN_BRU_PNC_UW_PME-PLKWA1265,Conductor,Services,Starts With,AZBN_BRU_PNC_UW_PME-PLKWA1265_
AZBN_BRU_PME,AZBN_BRU_PNC_UW_PME-PLKWA1265,Conductor,Time Layers,ALL,N\A
AZBN_BRU_PME,AZBN_BRU_PNC_UW_PME-PLKWA1265,Conductor,Time Schedules,Starts With,AZBN_BRU_PNC_UW_PME-PLKWA1265_
AZBN_BRU_PME,AZBN_BRU_PNC_UW_PME-PLKWA1265,storm Contact,Agent Groups,Starts With,AZBN_BRU_PNC_UW_PME-PLKWA1265_
AZBN_BRU_PME,AZBN_BRU_PNC_UW_PME-PLKWA1265,storm Contact,Agents,All,N\A
AZBN_BRU_PME,AZBN_BRU_PNC_UW_PME-PLKWA1265,storm Contact,Queues,Starts With,AZBN_BRU_PNC_UW_PME-PLKWA1265_
AZBN_BRU_PME,AZBN_BRU_PNC_UW_PME-PLKWA1265,UC,Treatments,Starts With,AZBN_BRU_PNC_UW_PME-PLKWA1265_
AZBN_BRU_PME,AZBN_BRU_PNC_UW_PME-PLKWA1265,UC,User Groups,All,N\A
AZBN_BRU_PME,AZBN_BRU_PNC_UW_PME-PLKWA1265,UC,Users,ALL,N\A
AZBN_BRU_PME,AZBN_BRU_PNC_UW_PME-PLKWA1266,Conductor,Actions,ALL,N\A
AZBN_BRU_PME,AZBN_BRU_PNC_UW_PME-PLKWA1266,Conductor,Parameters,ALL,N\A
AZBN_BRU_PME,AZBN_BRU_PNC_UW_PME-PLKWA1266,Conductor,Services,Starts With,AZBN_BRU_PNC_UW_PME-PLKWA1266_
AZBN_BRU_PME,AZBN_BRU_PNC_UW_PME-PLKWA1266,Conductor,Time Layers,ALL,N\A
AZBN_BRU_PME,AZBN_BRU_PNC_UW_PME-PLKWA1266,Conductor,Time Schedules,Starts With,AZBN_BRU_PNC_UW_PME-PLKWA1266_
AZBN_BRU_PME,AZBN_BRU_PNC_UW_PME-PLKWA1266,storm Contact,Agent Groups,Starts With,AZBN_BRU_PNC_UW_PME-PLKWA1266_
AZBN_BRU_PME,AZBN_BRU_PNC_UW_PME-PLKWA1266,storm Contact,Agents,All,N\A
AZBN_BRU_PME,AZBN_BRU_PNC_UW_PME-PLKWA1266,storm Contact,Queues,Starts With,AZBN_BRU_PNC_UW_PME-PLKWA1266_
AZBN_BRU_PME,AZBN_BRU_PNC_UW_PME-PLKWA1266,UC,Treatments,Starts With,AZBN_BRU_PNC_UW_PME-PLKWA1266_
AZBN_BRU_PME,AZBN_BRU_PNC_UW_PME-PLKWA1266,UC,User Groups,All,N\A
AZBN_BRU_PME,AZBN_BRU_PNC_UW_PME-PLKWA1266,UC,Users,ALL,N\A
AZBN_BRU_PME,AZBN_BRU_PNC_UW_PME-QUESTION-1022,Conductor,Actions,ALL,N\A
AZBN_BRU_PME,AZBN_BRU_PNC_UW_PME-QUESTION-1022,Conductor,Parameters,ALL,N\A
AZBN_BRU_PME,AZBN_BRU_PNC_UW_PME-QUESTION-1022,Conductor,Services,Starts With,AZBN_BRU_PNC_UW_PME-QUESTION-1022_
AZBN_BRU_PME,AZBN_BRU_PNC_UW_PME-QUESTION-1022,Conductor,Time Layers,ALL,N\A
AZBN_BRU_PME,AZBN_BRU_PNC_UW_PME-QUESTION-1022,Conductor,Time Schedules,Starts With,AZBN_BRU_PNC_UW_PME-QUESTION-1022_
AZBN_BRU_PME,AZBN_BRU_PNC_UW_PME-QUESTION-1022,storm Contact,Agent Groups,Starts With,AZBN_BRU_PNC_UW_PME-QUESTION-1022_
AZBN_BRU_PME,AZBN_BRU_PNC_UW_PME-QUESTION-1022,storm Contact,Agents,All,N\A
AZBN_BRU_PME,AZBN_BRU_PNC_UW_PME-QUESTION-1022,storm Contact,Queues,Starts With,AZBN_BRU_PNC_UW_PME-QUESTION-1022_
AZBN_BRU_PME,AZBN_BRU_PNC_UW_PME-QUESTION-1022,UC,Treatments,Starts With,AZBN_BRU_PNC_UW_PME-QUESTION-1022_
AZBN_BRU_PME,AZBN_BRU_PNC_UW_PME-QUESTION-1022,UC,User Groups,All,N\A
AZBN_BRU_PME,AZBN_BRU_PNC_UW_PME-QUESTION-1022,UC,Users,ALL,N\A
AZBN_BRU_PME,AZBN_BRU_PNC_UW_PME-QUESTION-1023,Conductor,Actions,ALL,N\A
AZBN_BRU_PME,AZBN_BRU_PNC_UW_PME-QUESTION-1023,Conductor,Parameters,ALL,N\A
AZBN_BRU_PME,AZBN_BRU_PNC_UW_PME-QUESTION-1023,Conductor,Services,Starts With,AZBN_BRU_PNC_UW_PME-QUESTION-1023_
AZBN_BRU_PME,AZBN_BRU_PNC_UW_PME-QUESTION-1023,Conductor,Time Layers,ALL,N\A
AZBN_BRU_PME,AZBN_BRU_PNC_UW_PME-QUESTION-1023,Conductor,Time Schedules,Starts With,AZBN_BRU_PNC_UW_PME-QUESTION-1023_
AZBN_BRU_PME,AZBN_BRU_PNC_UW_PME-QUESTION-1023,storm Contact,Agent Groups,Starts With,AZBN_BRU_PNC_UW_PME-QUESTION-1023_
AZBN_BRU_PME,AZBN_BRU_PNC_UW_PME-QUESTION-1023,storm Contact,Agents,All,N\A
AZBN_BRU_PME,AZBN_BRU_PNC_UW_PME-QUESTION-1023,storm Contact,Queues,Starts With,AZBN_BRU_PNC_UW_PME-QUESTION-1023_
AZBN_BRU_PME,AZBN_BRU_PNC_UW_PME-QUESTION-1023,UC,Treatments,Starts With,AZBN_BRU_PNC_UW_PME-QUESTION-1023_
AZBN_BRU_PME,AZBN_BRU_PNC_UW_PME-QUESTION-1023,UC,User Groups,All,N\A
AZBN_BRU_PME,AZBN_BRU_PNC_UW_PME-QUESTION-1023,UC,Users,ALL,N\A
AZBN_BRU_PME,AZBN_BRU_PNC_UW_WA-BIG1222,Conductor,Actions,ALL,N\A
AZBN_BRU_PME,AZBN_BRU_PNC_UW_WA-BIG1222,Conductor,Parameters,ALL,N\A
AZBN_BRU_PME,AZBN_BRU_PNC_UW_WA-BIG1222,Conductor,Services,Starts With,AZBN_BRU_PNC_UW_WA-BIG1222_
AZBN_BRU_PME,AZBN_BRU_PNC_UW_WA-BIG1222,Conductor,Time Layers,ALL,N\A
AZBN_BRU_PME,AZBN_BRU_PNC_UW_WA-BIG1222,Conductor,Time Schedules,Starts With,AZBN_BRU_PNC_UW_WA-BIG1222_
AZBN_BRU_PME,AZBN_BRU_PNC_UW_WA-BIG1222,storm Contact,Agent Groups,Starts With,AZBN_BRU_PNC_UW_WA-BIG1222_
AZBN_BRU_PME,AZBN_BRU_PNC_UW_WA-BIG1222,storm Contact,Agents,All,N\A
AZBN_BRU_PME,AZBN_BRU_PNC_UW_WA-BIG1222,storm Contact,Queues,Starts With,AZBN_BRU_PNC_UW_WA-BIG1222_
AZBN_BRU_PME,AZBN_BRU_PNC_UW_WA-BIG1222,UC,Treatments,Starts With,AZBN_BRU_PNC_UW_WA-BIG1222_
AZBN_BRU_PME,AZBN_BRU_PNC_UW_WA-BIG1222,UC,User Groups,All,N\A
AZBN_BRU_PME,AZBN_BRU_PNC_UW_WA-BIG1222,UC,Users,ALL,N\A
